-- phpMyAdmin SQL Dump
-- version 4.8.2
-- https://www.phpmyadmin.net/
--
-- Servidor: 127.0.0.1
-- Tiempo de generación: 30-11-2019 a las 14:42:46
-- Versión del servidor: 10.1.34-MariaDB
-- Versión de PHP: 7.2.8

SET SQL_MODE = "NO_AUTO_VALUE_ON_ZERO";
SET AUTOCOMMIT = 0;
START TRANSACTION;
SET time_zone = "+00:00";


/*!40101 SET @OLD_CHARACTER_SET_CLIENT=@@CHARACTER_SET_CLIENT */;
/*!40101 SET @OLD_CHARACTER_SET_RESULTS=@@CHARACTER_SET_RESULTS */;
/*!40101 SET @OLD_COLLATION_CONNECTION=@@COLLATION_CONNECTION */;
/*!40101 SET NAMES utf8mb4 */;

--
-- Base de datos: `creditouniminuto`
--

-- --------------------------------------------------------

--
-- Estructura de tabla para la tabla `carrera`
--

CREATE TABLE `carrera` (
  `Id_Carrera` int(20) NOT NULL,
  `Nombre_Carrera` varchar(100) NOT NULL,
  `Valor_Matricula` int(100) NOT NULL
) ENGINE=InnoDB DEFAULT CHARSET=ucs2;

--
-- Volcado de datos para la tabla `carrera`
--

INSERT INTO `carrera` (`Id_Carrera`, `Nombre_Carrera`, `Valor_Matricula`) VALUES
(1, 'Administración de Empresas\r\n\r\n', 3500000),
(2, 'Administración Financiera', 3100000),
(3, 'Contabilidad y Finanzas', 3150000),
(4, 'Contaduría Publica', 3450000),
(5, 'Economía', 2800000),
(6, 'Ingeniería Ambiental', 3450000),
(7, 'Ingeniería De Telecomunicaciones', 3500000),
(8, 'Ingeniería Eléctrica', 3680000),
(9, 'Ingeniería Electrónica', 3900000),
(10, 'Ingeniería Sistemas', 3550000),
(11, 'Ingeniería de Vías', 3500000),
(12, 'Licenciatura Educación Física', 2800000),
(13, 'Licenciatura en ciencias Políticas', 2200000),
(14, 'Licenciatura Informática', 2150000),
(15, 'Medicina\r\n', 4800000),
(16, 'Psicología', 3170000),
(17, 'Sociología', 2780000),
(18, 'Terapia Respiratoria', 2650000),
(19, 'Trabajo Social', 2450000);

-- --------------------------------------------------------

--
-- Estructura de tabla para la tabla `deudores`
--

CREATE TABLE `deudores` (
  `Id_Deudores` int(20) NOT NULL,
  `Nombre_Deudore` varchar(200) NOT NULL,
  `Ingresos` int(50) NOT NULL
) ENGINE=InnoDB DEFAULT CHARSET=utf32;

--
-- Volcado de datos para la tabla `deudores`
--

INSERT INTO `deudores` (`Id_Deudores`, `Nombre_Deudore`, `Ingresos`) VALUES
(1, 'EDGAR SANTOS GUTIERREZ OLIVEROS', 150000),
(2, 'JORGE ALBERTO MARTINEZ GONZALEZ', 150000),
(3, 'JESUS ALBERTO AREVALO DELGADO', 150000),
(4, 'JHON ALEXANDER TENORIO ARBOLEDA', 150000),
(5, 'SAURON CHRISTOPHER JAMES LUV', 150000),
(6, 'MIGUEL ANGEL MARTINEZ TORRES', 150000),
(7, 'JHONNY ALEXANDER DURAN GIL', 150000),
(8, 'KEWIN MANUEL GAZABON CERPA', 150000),
(9, 'ARLEIS SAMIR ARGUMEDO HOYOS', 150000),
(10, 'DELIS ROSIS AGUILAR GANDIA', 150000),
(11, 'JHON DAVID RUA MIRANDA', 150000),
(12, 'KEILA DAYANA PARADA PATI?O', 150000),
(13, 'DAMARIS  HERNANDEZ CABARCAS', 150000),
(14, 'CARLOS ALBERTO UNI TRIANA', 150000),
(15, 'JAVIER ALONSO SOLARTE GOMEZ', 150000),
(16, 'MARLON ALEXIS VELEZ MU?OZ', 150000),
(17, 'JUAN SEBASTIAN SILVA ALVIS', 150000),
(18, 'ANDRES ALFONSO PEINADO LEYTON', 150000),
(19, 'NORLEY MAURICIO ARISTIZABAL USME', 150000),
(20, 'SAYRA SOFIA HERRERA HOYOS', 150000),
(21, 'BRIAN HEYER LEON ', 150000),
(22, 'GUILLERMO ANDRES ROJAS BARRIENTOS', 150000),
(23, 'GIOVANNI  CERON BERNAL', 150000),
(24, 'CAMILO ANDRES MARTELO ESCOBAR', 150000),
(25, 'JUAN CAMILO MONTES YANEZ', 150000),
(26, 'RAUL ANTONIO PINTO OROZCO', 150000),
(27, 'FRANCISCO JAVIER BLANCO CORREDOR', 150000),
(28, 'ELKIN RODRIGO IRIARTE MARTINEZ', 150000),
(29, 'CRISTOBAL  PINZON SANABRIA', 150000),
(30, 'GABRIEL JAIME RESTREPO ARANGO', 150000),
(31, 'JUAN MANUEL MARROQUIN DONATO', 150000),
(32, 'OSCAR ANDRES HERRERA VALENCIA', 150000),
(33, 'GRIMALDIS ANTONIO THOMAS TATIS', 150000),
(34, 'LEONARDO  PULIDO SOSSA', 150000),
(35, 'WILFER ALFREDO RIVERA DAVILA', 150000),
(36, 'DAVID ENRIQUE MEZA ROCHA', 150000),
(37, 'VICTOR ALFONSO DURAN GALVIS', 150000),
(38, 'UBALDO ENRIQUE PE?A SUAREZ', 150000),
(39, 'WILFER ALEJANDRO IBARGUEN ', 150000),
(40, 'SILVIA LORENA MURIEL MEJIA', 150000),
(41, 'MARIA ANGELICA VARGAS OCAMPO', 150000),
(42, 'MARISOL  OSORIO ARROYO', 150000),
(43, 'VICTORIA FERNANDA MONROY ', 150000),
(44, 'MISAEL ANDRES OLARTE ZAPATA', 150000),
(45, 'NANCY YULEY MARINEZ VALENCIA', 150000),
(46, 'IVAN FELIPE MU?OZ VARGAS', 150000),
(47, 'NARACEL ALCIRA GARCIA SANDOVAL', 150000),
(48, 'SANDRA LIZETH MAHECHA CASTIBLANCO', 150000),
(49, 'ZARETH  REYES NEGRETE', 150000),
(50, 'MANUEL ALBERTO TOCARRUNCHO AGUILAR', 150000),
(51, 'LUIS GUILLERMO BERNAL DIAZ', 150000),
(52, 'DAVID ANTONIO RAMIREZ ZULETA', 150000),
(53, 'DIANA CATALINA MU?OZ OSORIO', 150000),
(54, 'JONNY ALEXANDER BEDOYA CARDONA', 150000),
(55, 'DIEGO ALEJANDRO GONGORA DUCUARA', 150000),
(56, 'ANIBAL JOSE GONZALEZ MACHADO', 150000),
(57, 'CARLOS ELIAS CUADRADO REYES', 150000),
(58, 'ELIANA MARIA GARCIA GARCIA', 150000),
(59, 'JOHN ALEXANDER PULGARIN VARGAS', 150000),
(60, 'EDILSON FERNANDO GUTIERREZ RAMIREZ', 150000),
(61, 'FRANCISCO JAVIER SARMIENTO VILORIA', 150000),
(62, 'JORGE ALBERTO VARGAS CASTILLO', 150000),
(63, 'JOSE HUMBERTO AREIZA GONZALEZ', 150000),
(64, 'MIGUEL ANGEL LOPEZ VASQUEZ', 150000),
(65, 'JHON ANDERSON OSORIO CASTILLO', 150000),
(66, 'CARLOS ENRIQUE BELLO GUAQUETA', 2600000),
(67, 'VICTOR ALFONSO GOMEZ FRANCO', 2600000),
(68, 'EDINSON ENRIQUE TAMI PARADA', 2600000),
(69, 'JORGE YOMEY MONSALVE SALAZAR', 2600000),
(70, 'DADUIN ANDRES RUIZ IBARGUEN', 2600000),
(71, 'DANA VANESSA PEREZ SALCEDO', 2600000),
(72, 'YEISSON ALBERTO LENIS MU?OZ', 2600000),
(73, 'DISMAR KARINA CORREA LOYO', 2600000),
(74, 'LUZ MILA LOPEZ VEGA', 2600000),
(75, 'LUISA MARIA CORTEZ CORTEZ', 2600000),
(76, 'JHON JAIRO BERMEJO GARCIA', 2600000),
(77, 'SILVIA PATRICIA RADA AGAMEZ', 2600000),
(78, 'MERLIS JUDITH DIAZ TORREGLOSA', 2600000),
(79, 'HERNAN DAVID ARCIA MU?OZ', 2600000),
(80, 'IVAN DARIO ARIZA SANTAFE', 2600000),
(81, 'LUDIS ESTHER CENA GARCES', 2600000),
(82, 'CARLOS ALBERTO BORBON LIZARAZO', 2600000),
(83, 'DEIVISON ORLANDO RAMIREZ TELLEZ', 2600000),
(84, 'MILADYS DEL ROSARIO   ALVAREZ CARE', 2600000),
(85, 'SANDRA PATRICIA BOHORQUEZ GONZALEZ', 2600000),
(86, 'DORIS SUSANA TABORDA VASQUEZ', 2600000),
(87, 'ANCIZAR ONAN ALMANZA MONTERROZA', 2600000),
(88, 'JHON EDISON VASQUEZ CORREA', 2600000),
(89, 'YONIFER ALEXANDER HOYOS GONZALES', 2600000),
(90, 'SAIN MAURICIO VALLEJO TORRES', 2600000),
(91, 'MAURICIO ALBERTO TOBON OSORIO', 2600000),
(92, 'LUIS DANIEL PARRA CATAMA', 2600000),
(93, 'LEE LENUAR CRUZ VILLAMIZAR', 2600000),
(94, 'SILVIA PATRICIA RAMIREZ ARCILA', 2600000),
(95, 'MICHAEL  CARDENAS AGUIRRE', 2600000),
(96, 'EDWIN ALEXIS VASQUEZ RAMIREZ', 2600000),
(97, 'ARLEY  REAL USECHE', 2600000),
(98, 'YEINER JESUS ESTRADA MORELO', 2600000),
(99, 'RAFAEL ALBERTO HERNANDEZ GERMAN', 2600000),
(100, 'MAYDY FAISURY GALLEGO GARCIA', 2600000),
(101, 'JUAN DAVID DE LA HOZ SANTOS ', 2600000),
(102, 'MARIA EFIGENIA VELASQUEZ CASTRILLON', 2600000),
(103, 'YHONATAN  OTERO BORJA', 2600000),
(104, 'DANIELA  GARCIA RIOS', 2600000),
(105, 'CINDY PAOLA ZU?IGA TERAN', 2600000),
(106, 'DARWIN RAUL LEON TRIANA', 2600000),
(107, 'JHON LEYDER COLLAZOS LOPEZ', 2600000),
(108, 'VICTOR HORACIO GORDILLO LONDO?O', 2600000),
(109, 'JUAN SEBASTIAN CAMACHO MORALES', 2600000),
(110, 'CARLOS ALBERTO CUELLAR JAMIOY', 2600000),
(111, 'LUISA FERNANDA MEJIA ARBOLEDA', 2600000),
(112, 'PEDRO PABLO URREGO TRUJILLO', 2600000),
(113, 'JESUS MANUEL SANDON PEREZ', 2600000),
(114, 'MONICA ANDREA LOPEZ VELASQUEZ', 2600000),
(115, 'JADER ANTONIO BALOYES CORREA', 2600000),
(116, 'IRNE  GORINZA RODRIGUEZ', 2600000),
(117, 'CARLOS ESTIVEN CORTES ', 2600000),
(118, 'ANDRES FELIPE SANCHEZ OSSA', 2600000),
(119, 'WBEIMAR  MEJIA CATA?O', 2600000),
(120, 'DIEGO FERNANDO LOAIZA MARULANDA', 2600000),
(121, 'HEIDY PAOLA MARTINEZ LOPEZ', 2600000),
(122, 'MARA PATRICIA MARTINEZ VELEZ', 2600000),
(123, 'YORMAN ALEXIS RODRIGUEZ PINZON', 2600000),
(124, 'MARIO DAVID PEREZ OBREDOR', 2600000),
(125, 'ATIF EMIR ROLONG CHARRIS', 2600000),
(126, 'MARISOL  VELEZ RUIZ', 2600000),
(127, 'YEHISON LEANDRO CIFUENTES HERRERA', 2600000),
(128, 'DIEGO CARLOS MONTERO VARGAS', 2600000),
(129, 'KAREN MILENA ESPITIA HERNANDEZ', 2600000),
(130, 'LEONARDO JOSE LOZANO ALDANA', 2600000),
(131, 'BRIAN STALIN VALENCIA SANCHEZ', 2600000),
(132, 'ELIO  BARBOSA GUERRERO', 2600000),
(133, 'JUAN CARLOS AMAYA VARGAS', 2600000),
(134, 'MARCELA  MAYA IREGUI', 2600000),
(135, 'DUVER JAIR GRISALES ARIAS', 2600000),
(136, 'ANDRES FELIPE GONZALEZ PEREZ', 2600000),
(137, 'JUAN ESTEBAN CAMPILLO GALLEGO', 2600000),
(138, 'EDER  RUIDIAZ FLORIAN', 2600000),
(139, 'WILSTON  SOLANO FERRERIA', 2600000),
(140, 'YENNI LICETH MURCIA CRUZ', 2600000),
(141, 'PEDRO  SICHACA GOMEZ', 2600000),
(142, 'ANDERSON  ALVARADO NU?EZ', 2600000),
(143, 'CESAR AUGUSTO RESTREPO ', 2600000),
(144, 'JORGE IVAN RUEDA BENITEZ', 2600000),
(145, 'ANGEL DE JESUS   ESTEBAN PORRAS', 2600000),
(146, 'FELIX RICARDO ROSAS CASSIANI', 2600000),
(147, 'GERMAN ENRIQUE STERLING GOMEZ', 2600000),
(148, 'JAVIER DE JESUS   ORTIZ VARGAS', 2600000),
(149, 'INGRID TATIANA MARTINEZ CANEBA', 2600000),
(150, 'LUZ ADRIANA OSORIO DOMINGUEZ', 2600000),
(151, 'SANDRA MARCELA GOMEZ ', 2600000),
(152, 'DANY ANDRES DUQUE HURTADO', 2600000),
(153, 'HENRY  VALENCIA RIVERA', 2600000),
(154, 'LEYNYS  URIBE PE?A', 2600000),
(155, 'JHONATAN  GONZALEZ VILLADA', 2600000),
(156, 'SANDRA MARCELA MARTINEZ ESCALANTE', 2600000),
(157, 'EDIER  MACHADO ANAYA', 2600000),
(158, 'CARLOS ANDRES LOZANO MONSALVE', 2600000),
(159, 'CESAR AUGUSTO CARDONA VELASQUEZ', 2600000),
(160, 'KELIS JOHANA BENITEZ GARAY', 2600000),
(161, 'PAULO  MEJIA QUIROT', 2600000),
(162, 'OLFER  GOMEZ RODRIGUEZ', 2600000),
(163, 'CARLOS AUGUSTO ZAPATA JARAMILLO', 2600000),
(164, 'ELEAZAR  COLMENARES CONTRERAS', 2600000),
(165, 'YAMIT ENRIQUE VILLEGAS MIRANDA', 2600000),
(166, 'ANDRES FELIPE GALLEGO ALARCON', 2600000),
(167, 'ELVER GIOVANY MALDONADO MARTINEZ', 2600000),
(168, 'YULEIMIS ESTHER PASCUAL NARAVAEZ', 2600000),
(169, 'PEDRO ANDRES PARRA PADILLA', 2600000),
(170, 'JEHYSSON ARTURO DIAZ RUIZ', 2600000),
(171, 'CLAUDIA KARINA RIASCO SANCHEZ', 2600000),
(172, 'MERCEDES OLAVE RAMIREZ ARCOS', 2600000),
(173, 'DIANA  TABORDA RAMIREZ', 2600000),
(174, 'DARY LUZ GALVAN MONTES', 2600000),
(175, 'NINI PAOLA MARTINEZ MURILLO', 2600000),
(176, 'DANEISY  BADILLO BARRIOS', 2600000),
(177, 'CARLOS ARTURO TORRES GARZON', 2600000),
(178, 'BREINER RAFAEL HERNANDEZ ESTANGA', 2600000),
(179, 'DANIEL MAURICIO SERNA GARCIA', 2600000),
(180, 'JUAN RICARDO MU?OZ ', 2600000),
(181, 'MARIA ADELAIDA TENORIO REQUEJO', 2600000),
(182, 'ROBINSON ANDRES ALVAREZ ', 2600000),
(183, 'EDWIN  PEREZ VEGA', 2600000),
(184, 'ALEXANDER  RUEDAS QUINTERO', 2600000),
(185, 'ANA MILED TOVAR ', 2600000),
(186, 'JOSE ALEJANDRO BECERRA GUEVARA', 2600000),
(187, 'CRISTIAN JHAIR MEJIA ROMAN', 2600000),
(188, 'SANDRA FABIANA CARRASCAL CLARO', 2600000),
(189, 'DIANA YISSELA RAMIREZ CRISTANCHO', 2600000),
(190, 'DIEGO ARMANDO MUNOZ ESTRADA', 2600000),
(191, 'LILIANA PAOLA BRITO MU?OZ', 2600000),
(192, 'OSCAR HERNAN QUINTERO GONZALEZ', 2600000),
(193, 'MIGUEL DARIO CORDOBA ', 2600000),
(194, 'JHORMAN LEANDRO GUZMAN ', 2600000),
(195, 'GILMAR  MARTINEZ PAUTH', 2600000),
(196, 'JHONY FABIAN VARGAS TORRADO', 2600000),
(197, 'SADAN GUSTAVO ADOLFO   CIFUENTES CRUZ', 2600000),
(198, 'JHAIVER ALIRIO CHITIVA GARCIA', 2600000),
(199, 'IVAN ALFONSO IBANEZ BAQUERO', 2600000),
(200, 'ASTRID CATALINA CASTRO CAMACHO', 2600000),
(201, 'MARTHA LUCIA OVIEDO ESTRADA', 2600000),
(202, 'YOVIS JOIVER METAUTE HERNANDEZ', 2600000),
(203, 'CRISTIAN CAMILO NI?O BENITEZ', 2600000),
(204, 'JHON JAIDER PIEDRAHITA MONTOYA', 2600000),
(205, 'JULIETH ALEJANDRA CASTIBLANCO MOLINA', 2600000),
(206, 'SERGIO ANDRES BAYONA RANGEL', 2600000),
(207, 'YEFRI DAVID RUIZ RAMOS', 2600000),
(208, 'SANDRA PAOLA MOSQUERA PEREA', 2600000),
(209, 'DAGOBERTO  MORELO PETRO', 2600000),
(210, 'CARLOS ANTONIO VARON SALAZAR', 2600000),
(211, 'RUBEN DARIO VALENCIA JIMENEZ', 2600000),
(212, 'SAMY MANUEL GARCIA TAMARA', 2600000),
(213, 'YENIFER  JOHANA GUISAO OROZCO', 2600000),
(214, 'ADRIAN HERNEY LOPEZ VARGAS', 2600000),
(215, 'SAMIR  BARRIOS ESCORCIA', 2600000),
(216, 'CARLOS ANDRES ACEVEDO FRANCO', 2600000),
(217, 'CLAUDIA PATRICIA ACEVEDO ESPINEL', 2600000),
(218, 'JUDITH MARCELA BUENO MERCHAN', 2600000),
(219, 'LUIS CARLOS SALCEDO SOLANO', 2600000),
(220, 'JAVIER ALEXANDER RUBIO AGUILAR', 2600000),
(221, 'ERNEYLSON DE JESUS   MESA AMARILES', 2600000),
(222, 'ERIK JAVIER FERNANDEZ ARGUELLO', 2600000),
(223, 'WILLIAM ALBERTO CARRANZA HERNANDEZ', 2600000),
(224, 'OMAR DAVID SANCHEZ AVILEZ', 2600000),
(225, 'JOHN JAIRO ORDO?EZ ROJAS', 2600000),
(226, 'YENIFER  ZAPATA GARCIA', 2600000),
(227, 'DORI LUZ POLO RIVERO', 2600000),
(228, 'CARLOS ANTONIO PINO RENTERIA', 2600000),
(229, 'ANDRES FELIPE CARMONA LOAIZA', 2600000),
(230, 'VANESSA JAIME EDUARDO  TERREROS REYES', 2600000),
(231, 'CLAUDIA JULIETH GAVIRIA MARTINEZ', 2600000),
(232, 'FRANCISCO JAVIER GONZALEZ ARDILA', 2600000),
(233, 'CRISTIAN ESTEBAN DE OSSA GONZALEZ  ', 2600000),
(234, 'CAMILO ANDRES YEPES LOPEZ', 2600000),
(235, 'WBEIMAR  CANO GRACIANO', 2600000),
(236, 'ALVARO ANDRES CHACON ROJAS', 2600000),
(237, 'ISMAEL DAVID ALVIS MONTES', 2600000),
(238, 'DIEGO ARMANDO BARRIENTOS LOPEZ', 2600000),
(239, 'WENDY IVON ORTIZ MICOLTA', 2600000),
(240, 'LUZ ELIANIS MEJIA PEREIRA', 2600000),
(241, 'MARCO ANTONIO SERPA ARRIETA', 2600000),
(242, 'JULIAN ALEXANDER BALLESTEROS MU?OZ', 2600000),
(243, 'INGRI YURLEY ZAPATA BOHORQUEZ', 2000000),
(244, 'ANDRES DAVID VASQUEZ ECHENIQUE', 2000000),
(245, 'CINDY  ZAPATA AGUDELO', 2000000),
(246, 'FABIAN ENRIQUE HERRERA MORELOS', 2000000),
(247, 'LUIS GERARDO PINEDA MORENO', 2000000),
(248, 'DIEGO ALEJANDRO LOPEZ ZAPATA', 2000000),
(249, 'CRISTIAN CAMILO VICA?O VERU', 2000000),
(250, 'LINA MARIA GALLEGO SANCHEZ', 2000000),
(251, 'JOHN BERTO GOMEZ TOVAR', 2000000),
(252, 'MARISOL  VILLEGAS MORENO', 2000000),
(253, 'JOSE LEONARDO RENDON MU?OZ', 2000000),
(254, 'YENY TATIANA PARRA MOSQUERA', 2000000),
(255, 'YESICA FERNANDA MORALES ORTIZ', 2000000),
(256, 'URIEL  CHINCHILLA SERRANO', 2000000),
(257, 'ANDRES FELIPE GRANDA JIMENEZ', 2000000),
(258, 'CARLOS MIGUEL CANTILLO PERTUZ', 2000000),
(259, 'MILTON EDUARDO ESPINOSA CHAVERRA', 2000000),
(260, 'ELIANA  FRANCO MEJIA', 2000000),
(261, 'YURI ISABEL SABOGAL MORENO', 2000000),
(262, 'JONATHAN  AGUIRRE PEREZ', 2000000),
(263, 'Jonathan  Aguirre Perez', 2000000),
(264, 'SANDRA MILENA BARRETO MEDINA', 2000000),
(265, 'DIEGO FERNANDO VILLEGAS VELEZ', 2000000),
(266, 'CARLOS ALBERTO OROZCO MEJIA', 2000000),
(267, 'JULIAN ERNESTO SANCHEZ MARTINEZ', 2000000),
(268, 'LUZ MIRIAM SANCHEZ ', 2000000),
(269, 'DANIEL  CLAVIJO ', 2000000),
(270, 'JHON DEINER GOMEZ GIRALDO', 2000000),
(271, 'DUHAN ESTEBAN MU?OZ CASTA?O', 2000000),
(272, 'DAVINSON  SUAREZ URE?A', 2000000),
(273, 'JHONATHAN STEVEN VARGAS SALAZAR', 2000000),
(274, 'JORGE FRANCISCO NAVARRO MURILLO', 2000000),
(275, 'VICTOR ANDRES PACHON CAGUA', 2000000),
(276, 'YENNY VANEZA SALAZAR CORDOBA', 2000000),
(277, 'HEYVER ALEXANDER PENAGOS VARGAS', 2000000),
(278, 'KAREN PATRICIA MU?OZ URBINA', 2000000),
(279, 'LUIS ALBERTO MORAN RODRIGUEZ', 2000000),
(280, 'JORGE LUIS JURADO PEREZ', 2000000),
(281, 'DIZNEIDY TATIANA PALLARES IBARRA', 2000000),
(282, 'HOSMAN ENRIQUE RANGEL RIVERA', 2000000),
(283, 'IVAN RAMIRO SCARPETTA PIRA', 2000000),
(284, 'YURLEY PATRICIA ORTEGA RODRIGUEZ', 2000000),
(285, 'LILIANA  BARRIOS MORELO', 2000000),
(286, 'CARLOS STEVEN SALDARRIAGA VOLVERAS', 2000000),
(287, 'EDISON  PALACIOS PALACIOS', 2000000),
(288, 'JOYNER VANESSA TOVAR MEYER', 2000000),
(289, 'JOSE IGNACIO AGUDELO PULGARIN', 2000000),
(290, 'ALEJANDRO  OSORIO SANCHEZ', 2000000),
(291, 'GLORIA ANDREA ALVAREZ SERPA', 2000000),
(292, 'GERSON ENRIQUE MONTES OJEDA', 2000000),
(293, 'DIEGO ROBINSON VALENCIA AGUDELO', 2000000),
(294, 'JAROL  CONDE SANCHEZ', 2000000),
(295, 'YAIDUD CECILIA CABALLERO CAMACHO', 2000000),
(296, 'LINA MARIA OCAMPO RIASCOS', 2000000),
(297, 'DIEGO FERNANDO BONIL MARIN', 2000000),
(298, 'BEATRIZ ELENA HERNANDEZ BARRERA', 2000000),
(299, 'CARLOS VICENTE CASTRO CARRILLO', 2000000),
(300, 'ELKIN GIOVANNY CASTIBLANCO PORRAS', 2000000),
(301, 'VICTOR HUGO CHICO HERNANDEZ', 2000000),
(302, 'WILLIAM IVAN RODRIGUEZ AGUDELO', 2000000),
(303, 'LISETH CAROLINA LOPEZ DIAZ', 2000000),
(304, 'LUZ ELENA GUTIERREZ URIBE', 2000000),
(305, 'YOLMER  NIETO MOLINA', 2000000),
(306, 'VICTOR JULIO GOMEZ CHAPARRO', 2000000),
(307, 'VICTOR MANUEL FUENTES ANTURY', 2000000),
(308, 'DIANA PATRICIA GRACIANO PRESIGA', 2000000),
(309, 'SERGIO ALEXANDER LOPERA ESPINOSA', 2000000),
(310, 'YEISON ARTURO ZULUAGA CARDONA', 2000000),
(311, 'OSCAR JHONATAN BUITRAGO REQUINIBA', 2000000),
(312, 'PAVAS BRAVO JAMES DAYAN', 2000000),
(313, 'GERARDO ANTONIO MOLINA RIOS', 2000000),
(314, 'CARLOS MARIO AGUINAGA RODRIGUEZ', 2000000),
(315, 'EDINSON  GUERRA ', 2000000),
(316, 'DIEGO ALEXIS HERRERA CONTRERAS', 2000000),
(317, 'ANGIE HEAVEN LOPEZ GOMEZ', 2000000),
(318, 'SAIMIR DAVID MARTINEZ RAMIREZ', 2000000),
(319, 'YENNY CAROLINA GOMEZ HERNANDEZ', 2000000),
(320, 'JESUS ENRIQUE SILVERA POLO', 2000000),
(321, 'FLOR YASMIN RUIZ GRISALES', 2000000),
(322, 'JHANG CARLOS MENDOZA CA?IZARES', 2000000),
(323, 'JOSELIN  ABREU ROJAS', 2000000),
(324, 'NOELVIS ISABEL CARVAJAL GALVIS', 2000000),
(325, 'NUBIA XIOMARA PINEDA MENESES', 2000000),
(326, 'ANDRES FABIAN AVELLANEDA DELUQUEZ', 2000000),
(327, 'EDISON JAVIER PORRAS VALDERRAMA', 2000000),
(328, 'JAIDER DEL CRISTO   ACOSTA CARDENAS', 2000000),
(329, 'EDWIN JAVIER ALBARRACIN NIETO', 2000000),
(330, 'DIOMEDES  DIAZ ALVAREZ', 2000000),
(331, 'CARLOS ANDRES LOPERA MARIN', 2000000),
(332, 'WILSON EDUARDO BAYONA ', 2000000),
(333, 'VIVIANA LIZETH GUIZA VARGAS', 2000000),
(334, 'JESUS ARLEY DIAZ GIRALDO', 2000000),
(335, 'JOSE DAVID CHAMARRO CONTRERAS', 2000000),
(336, 'AURA MARIA CONRADO GALINDO', 2000000),
(337, 'EKISA  PUEBA ', 2000000),
(338, 'MERLIS LUZ RUIZ TUIRAN', 2000000),
(339, 'NASLY LUZ SUAREZ DIAZ', 2000000),
(340, 'SANDRA MILENA PEREZ MORALES', 2000000),
(341, 'LUIS EDUARDO MALAMBO MALAMBO', 2000000),
(342, 'LUZ MARI BERRIO ARIZA', 2000000),
(343, 'LEONARDO  SILVA SALAZAR', 2000000),
(344, 'NINI JHOANA LOAIZA BUITRAGO', 2000000),
(345, 'YEISSON FABIAN VEGA LOPEZ', 2000000),
(346, 'RAMON JOSE ANAYA ESPITIA', 2000000),
(347, 'LUIS ARBEY GOMEZ ORTIZ', 2000000),
(348, 'JAN CARLOS AYAZO BALDOVINO', 2000000),
(349, 'ALBEIRO LUIS SIERRA PIMENTEL', 2000000),
(350, 'CARLOS ERNESTO SERRANO ESPINEL', 2000000),
(351, 'DEISY YOANA VILLA PEREZ', 2000000),
(352, 'EXAR NEYITH TORRES SOTO', 2000000),
(353, 'ROBINSON ANDRES RAMOS CASTA?O', 2000000),
(354, 'JANUER  NORE?A BOLA?OS', 2000000),
(355, 'WALTER SMITH NARANJO PATI?O', 2000000),
(356, 'JHAMEL DARIO SANDOVAL SUAREZ', 2000000),
(357, 'ANDERSON STIVEN MARTINEZ SANTA', 2000000),
(358, 'JEISON ANDRES COBO RODELO', 2000000),
(359, 'JHONATAN ANDRES RESTREPO PAREJA', 2000000),
(360, 'JESUS DAVID RAMIREZ CALDERON', 2000000),
(361, 'ALVARO JOSE VIDAL ARIZA', 2000000),
(362, 'MERARDO ANTONIO FERNANDEZ SOLORZANO', 2000000),
(363, 'NICOLAS ALFREDO DIAZ SALAS', 2000000),
(364, 'JONATHAN  BAQUERO ', 2000000),
(365, 'JOHNATAN  ARBELAEZ MONTOYA', 2000000),
(366, 'JULIO CESAR RIOS LANDABUR', 2000000),
(367, 'LUIS CARLOS BENITEZ MESA', 2000000),
(368, 'EDINSSON  SANCHEZ TORRES', 2000000),
(369, 'MILLER DARIO CERON MESA', 2000000),
(370, 'OSWALDO ANTONY QUINTERO REY', 2000000),
(371, 'JAIME ANTIHAR CASTRO DIAZGRANADOS', 2000000),
(372, 'MARIA ANGELICA DE LA HOZ CAGUANO ', 2000000),
(373, 'DIANA BEATRIZ MONTA?A AVILA', 2000000),
(374, 'ALEX  LANDAZURI VELEZ', 2000000),
(375, 'ROLANDO  CARTAGENA ', 2000000),
(376, 'KELLY JOHANA BANDA ESPITIA', 2000000),
(377, 'HECTOR HERNAN BARRERA DIAZ', 2000000),
(378, 'JORGE ARMANDO PINTO MOSQUERA', 2000000),
(379, 'LUZ MARY SANCHEZ CARRASCAL', 2000000),
(380, 'YINA PAOLA RAMOS GUERRA', 2000000),
(381, 'WILFER ALEXANDER PICON ARIZA', 2000000),
(382, 'MARTHA LUCIA VARGAS VILLAMIZAR', 2000000),
(383, 'JOHN JAIRO CIFUENTES CALLEJAS', 2000000),
(384, 'JOSE ANTONIO BELTRAN CARDOZO', 2000000),
(385, 'JHON JAMER MENA CHAVERRA', 2000000),
(386, 'JHON FREDY MOLINA ', 2000000),
(387, 'FREDY JOHAN AVENDA?O CANACUAN', 2000000),
(388, 'DAVID STIVENS CASTA?EDA ', 2000000),
(389, 'DIANA MARCELA URIBE CORREA', 2000000),
(390, 'JOHN ALEXANDER COSSIO GIRALDO', 2000000),
(391, 'DANIEL  ROJAS PUYANA', 2000000),
(392, 'ALFONSO JOSE GRANADOS MEJIA', 2000000),
(393, 'EDUAR ENRIQUE IGLESIAS GUISAO', 2000000),
(394, 'HUGO ARMANDO RACERO PINTO', 2000000),
(395, 'FERLEY MAURICIO ROMERO SACRISTAN', 2000000),
(396, 'CAMILO ANDRES GUZMAN MELENDEZ', 2000000),
(397, 'DIOGENES MANUEL SERGE GONZALES', 2000000),
(398, 'MILTON MAURICIO GOMEZ RAMOS', 2000000),
(399, 'STEFANI JOHANA PEREZ GONZALEZ', 2000000),
(400, 'CARLOS ENRIQUE MOLANO GONZALEZ', 2000000),
(401, 'LEIDY YULIANA DUARTE TEJADA', 2000000),
(402, 'JOHN EDISON JARAMILLO LANDAHETA', 2000000),
(403, 'WILSON ANDRES RODRIGUEZ RODRIGUEZ', 2000000),
(404, 'JOSE ALEXANDER GIRALDO LONDONO', 2000000),
(405, 'LUIS FRANCISCO PE?A OSPINA', 2000000),
(406, 'JOSE ANTONIO RIVAS GONZALEZ', 2000000),
(407, 'JOSE GABRIEL ORTIZ ALVAREZ', 2000000),
(408, 'JAVIER DAVID MERCADO MESTRA', 2000000),
(409, 'WILLIAM JAVIER JARA OLAVE', 2000000),
(410, 'HUBER ARBEY URBANO HOYOS', 2000000),
(411, 'GERARDO ALBERTO ORREGO MACEA', 2000000),
(412, 'DUVAN ANDRES BAUTISTA ACOSTA', 2000000),
(413, 'ANYERSSON  PUERTAS NI?O', 2000000),
(414, 'ADRIAN  TOSCANO BUENO', 2000000),
(415, 'DEYSI ALEJANDRA CORTES VALLEJO', 2000000),
(416, 'JULIO FERNANDO CANO VALDERRAMA', 2000000),
(417, 'JOINER JOSE QUINTANA BURGOS', 2000000),
(418, 'JHON ALEJANDRO CASTA?EDA GIRALDO', 2000000),
(419, 'GIOVANNI ALBERTO MU?OZ PALACIO', 2000000),
(420, 'JHON JANER HURTADO BANDUERO', 2000000),
(421, 'CARLOS ALBERTO ALBARRACIN CORTES', 2000000),
(422, 'IVAN DARIO HERNANDEZ SUSA', 2000000),
(423, 'LUIS CARLOS MOGOLLON AMAYA', 2000000),
(424, 'ANHELO MIGUEL RUEDA PEDRAZA', 2000000),
(425, 'JHON FREDY RODRIGUEZ SANABRIA', 2000000),
(426, 'RENZO GIUSSEPPE MENDEZ ROJAS', 2000000),
(427, 'CESAR ANDRES ARICAPA HINCAPIE', 2000000),
(428, 'CRISTIAN ANDRES PATI?O AMAYA', 2000000),
(429, 'JOSE ALEXANDER MENDOZA PARADA', 2000000),
(430, 'CINDY PAOLA MERCADO MONTALVO', 2000000),
(431, 'JAVIER ENRIQUE RAMOS ACOSTA', 2000000),
(432, 'NICOLAS  ESGUERRA HERRERA', 2000000),
(433, 'PAOLA ANDREA REYES RODRIGUEZ', 2000000),
(434, 'JAVIER HERNAN ARIAS PERALTA', 2000000),
(435, 'EDWIN  MOTATO ZAPATA', 2000000),
(436, 'FANNY CECILIA HERNANDEZ RIVERA', 2000000),
(437, 'IVAN CARLOS YANEZ SOTO', 2000000),
(438, 'CARLOS ALFONSO GALLEGO ALVAREZ', 2000000),
(439, 'MAYRA ALEJANDRA RADA JIMENEZ', 2000000),
(440, 'GIOVANNI ANDRES GAITAN GAITAN', 2000000),
(441, 'HENRRY  CESPEDES FORERO', 2000000),
(442, 'CRISTIAN DAVID CARDONA CASTA?O', 2000000),
(443, 'CRISTIAN RICARDO RICO CONTRERAS', 2000000),
(444, 'URIEL FERNANDO GONSALEZ HERNANDEZ', 2000000),
(445, 'WILLIAN  LOZANO AVILEZ', 2000000),
(446, 'JONATAN  HERNANDEZ ARTEAGA', 2000000),
(447, 'DEIVIS  PACHECO GIRADO', 2000000),
(448, 'FERNANDO  BEDOYA TORRES', 2000000),
(449, 'JULIO CESAR MONTOYA GOMEZ', 2000000),
(450, 'FABIAN ALVEIRO RINCONES LOPEZ', 2000000),
(451, 'ALEXANDER  PEREZ QUINTERO', 2000000),
(452, 'CARLOS ALBERTO TRIANA FLOREZ', 2000000),
(453, 'MARCO ANTONIO PEREZ SERPA', 2000000),
(454, 'YESID  HERRERA HENAO', 2000000),
(455, 'SERGIO ANDRES VILLEGAS ROJAS', 2000000),
(456, 'YULY ASTRID QUINTERO CHAVARRIA', 2000000),
(457, 'LEIVY MARCELA BOTERO OSORIO', 2000000),
(458, 'JHOAN SEBASTIAN VELEZ FERRARO', 2000000),
(459, 'EVER MAURICIO YAGUE GOMEZ', 2000000),
(460, 'HAIVER CAMILO OSSA HURTADO', 2000000),
(461, 'JULIO MANUEL AVILA HERNANDEZ', 2000000),
(462, 'JOSE DISNEY MARTINEZ VALDEZ', 2000000),
(463, 'JOSE LUIS CADAVID BERMUDEZ', 2000000),
(464, 'EVER EUGENIO NARANJO CHAVARRIA', 2000000),
(465, 'JAINER JAVIER ARZUAGA ACOSTA', 2000000),
(466, 'RAFAEL ANDRES SARMIENTO ALARCON', 2000000),
(467, 'OSCAR ASID RINCON PEREZ', 2000000),
(468, 'ALEXANDER  ARDILA CHACON', 2000000),
(469, 'JHONN JERSON VARGAS ANAYA', 2000000),
(470, 'EDWIN ALFONSO VALENCIA PATI?O', 2000000),
(471, 'JOSE IVAN URREGO LORA', 2000000),
(472, 'KENLLY RAMIRO MORIMITSU OSPINA', 2000000),
(473, 'EDUARDO ANTONIO CASTA?EDA POSADA', 2000000),
(474, 'OMAR ARMANDO ORDO?EZ PE?A', 2000000),
(475, 'CENAIDA  MANTILLA PABON', 2000000),
(476, 'JHON FREDY GARCIA GUTIERREZ', 2000000),
(477, 'JHON JAMES CASTRO OSPINA', 2000000),
(478, 'JOSE LUIS CABRALES MONTES', 2000000),
(479, 'DIANA CAROLINA BAGUI OCAMPO', 2000000),
(480, 'NORYDA  ALMARIO CAICEDO', 2000000),
(481, 'JESUS DAVID HADDAD CALDERA', 2000000),
(482, 'MARLEY DEL CARMEN   IZQUIERDO MARTINEZ', 2000000),
(483, 'DIANA PATRICIA VARGAS HOLGUIN', 2000000),
(484, 'ROBERTO CARLOS LORA MORALES', 2000000),
(485, 'SAMUEL  TABACO TUMAY', 2000000),
(486, 'JHOAN SEBASTIAN ARRIETA OSPINA', 2000000),
(487, 'PEDRO LUIS MU?OZ CHAMORRO', 2000000),
(488, 'PEDRO JESUS BAYONA CARRILLO', 2000000),
(489, 'JOHN FREDY DELGADO SERNA', 2000000),
(490, 'YONATAN FERNANDO VIDALES RIOS', 2000000),
(491, 'PEDRO SEBASTIAN MOSQUERA GONZALEZ', 2000000),
(492, 'DEISY CAROLINA ARENAS MOLINA', 2000000),
(493, 'JULIAN ALEXANDER CHAVEZ GAVIRIA', 2000000),
(494, 'MANUEL ALEJANDRO MORELO IDARRAGA', 2000000),
(495, 'ANGEL DAVID PASTRANA QUINTERO', 2000000),
(496, 'YOSMAIRA  TRESPALACIOS ', 2000000),
(497, 'EDWAR  OVALLOS OVALLOS', 2000000),
(498, 'JEAN PIERRE GUTIERREZ SALAZAR', 2000000),
(499, 'CESAR MANUEL HERNNADEZ OJEDA', 2000000),
(500, 'WILLIAM ALEXANDER RODRIGUEZ ', 2000000),
(501, 'OSCAR FABIAN MARTINEZ GARCIA', 2000000),
(502, 'JORGE LUIS GONZALEZ GONZALEZ', 2000000),
(503, 'JULDER ARLEX ESCUDERO VARGAS', 2000000),
(504, 'CLARA INES QUINTERO VASQUEZ', 2000000),
(505, 'JOSE IGNACIO ECHAVARRIA PATI?O', 2000000),
(506, 'JESSICA NATALIA MURIEL RAMIREZ', 2000000),
(507, 'GIOVANNY ANTONIO MALDONADO PRADA', 2000000),
(508, 'CESAR AUGUSTO CANO CORREA', 2000000),
(509, 'DANEIDER  RODRIGUEZ PE?ARANDA', 2000000),
(510, 'ANDRES RICARDO INSIGNARES CORREA', 2000000),
(511, 'INGRID YOANA LOPEZ SINISTERRA', 2000000),
(512, 'SERGIO OSWALDO BUSTAMANTE GARZON', 2000000),
(513, 'LUIS FELIPE VIDES ARDILA', 2000000),
(514, 'CRISTIAN ADRIAN LONDO?O OTALVARO', 2000000),
(515, 'ELIANA ESTER PEREZ OSPINO', 2000000),
(516, 'JOSE GUILLERMO CARRILLO CORONADO', 2000000),
(517, 'RICARDO ANDRES SANCHEZ GARZON', 2000000),
(518, 'JEISON ORBED MESA HERRERA', 2000000),
(519, 'JORGE ANDRES PULGARIN PEREZ', 2000000),
(520, 'LIZ ADRIANA BERTEL ZAYAS', 2000000),
(521, 'LEIDY MARCELA ACEVEDO RODRIGUEZ', 2000000),
(522, 'LUIS FERNANDO AGUILAR SUAREZ', 2000000),
(523, 'LEIDY JOHANNA FORERO VALENCIA', 2000000),
(524, 'JINETH JASBEIDY LEGUIZAMON MENDIVELSO', 2000000),
(525, 'GIOVANNI ALBERTO ROSERO SALGADO', 2000000),
(526, 'ADRIANA  CAAMA?O BASTIDAS', 2000000),
(527, 'ISABEL TATIANA FLOREZ CARMONA', 2000000),
(528, 'HAYDEE  OTERO MORENO', 2000000),
(529, 'DIANA  MARCELA  MEJIA MEJIA', 2000000),
(530, 'JESUS DAVID RINCON RUIZ', 2000000),
(531, 'JORGE DARIO SANCHEZ FUENTES', 2000000),
(532, 'JORGE LUIS ACU?A CANTILLO', 2000000),
(533, 'GUSTAVO ADOLFO CABRERA MARTINEZ', 2000000),
(534, 'LISBETH TORCOROMA CARRASCAL TARAZONA', 2000000),
(535, 'MARY LUZ DAVID ESPINOSA', 2000000),
(536, 'JOSE MARIO GONZALEZ VIDES', 2000000),
(537, 'CRISTIAN ARBEY SERNA GUTIERREZ', 2000000),
(538, 'ADRIANA MARCELA SANTIAGO ZARATE', 2000000),
(539, 'NARLINTON  PARRA CEDE?O', 2000000),
(540, 'YAQUELINE ANDREA MOTATO SUAZA', 2000000),
(541, 'JUAN PABLO RUEDA GIL', 2000000),
(542, 'ELVER GABRIEL PEREZ ACEVEDO', 2000000),
(543, 'JOHANA  OROZCO VALENCIA', 2000000),
(544, 'JUAN GUILLERMO VALENCIA MEJIA', 2000000),
(545, 'SINDY DAMARIS VALENCIA RIOS', 2000000),
(546, 'CINDY MARCELA MERCHAN BEDOYA', 2000000),
(547, 'MAIRA ALEJANDRA VALLECILLA GOMEZ', 2000000),
(548, 'JORGE ALEJANDRO MONTA?O CORREA', 2000000),
(549, 'UBALDO  CARRE?O SANTOS', 2000000),
(550, 'JHOANA CRISTINA TASCON OSPINA', 2000000),
(551, 'FELIX JOSE MEZA MEJIA', 2000000),
(552, 'DANIEL EDUARDO NEME MERCHAN', 2000000),
(553, 'LUIS FERNANDO CARABALLO LARIOS', 2000000),
(554, 'KELLY JOHANA ZAMORA RUBIO', 2000000),
(555, 'OSWALDO  JIMENEZ ARROYAVE', 2000000),
(556, 'RICARDO JOSE ROJAS LAZARO', 2000000),
(557, 'SHIRLEY  ORTIZ VALENCIA', 2000000),
(558, 'JAVIER FERNANDO RAMIREZ SANCHEZ', 2000000),
(559, 'CLAUDIA PATRICIA BENITEZ HOYO', 2000000),
(560, 'JENNY PATRICIA BARRIOS JAIMES', 2000000),
(561, 'ARIEL  RUIZ ALVAREZ', 2000000),
(562, 'ESTIGUAN  NAVAS BARRIOS', 2000000),
(563, 'VICTOR MANUEL JARAMILLO ALVAREZ', 2000000),
(564, 'MONICA ALEXANDRA PE?A MARTINEZ', 2000000),
(565, 'SERGIO ALEJANDRO CONDE CUBEROS', 2000000),
(566, 'JOHAN ALEXANDER DE LA TORRE XIQUES ', 2000000),
(567, 'MARCO ANTONIO BOLANO DE LA ROSA ', 2000000),
(568, 'SHIRLEY PAOLA TEHERAN CERVANTES', 2000000),
(569, 'JONATHAN DAVID ESPITIA CANTERO', 2000000),
(570, 'FLABIO DE JESUS   ARBELAEZ CANO', 2000000),
(571, 'ERICA ELEYDA CARDENAS CORDERO', 2000000),
(572, 'HERMES ANDRES BRICE?O SUAREZ', 2000000),
(573, 'ROBERT  ROJAS PE?ARANDA', 2000000),
(574, 'YENIIFER  CONDE JIMENEZ', 2000000),
(575, 'AMANDA  GUARIN OYAGA', 2000000),
(576, 'HELMER ALBERTO LOZANO PEREZ', 2000000),
(577, 'GLORIA  MILENA  ZULUAGA  GIRALDO ', 2000000),
(578, 'JUAN DAVID BECERRA ROSA', 2000000),
(579, 'JHON ALEXANDER MURIEL CASTRILLON', 2000000),
(580, 'GENNY RUBIELA ORTIZ ARANDA', 2000000),
(581, 'DILIA MARCELA CHAPARRO ', 2000000),
(582, 'YERLY  PIMIENTA BLANDON', 2000000),
(583, 'CLAUDIA PATRICIA PEREZ BANQUET', 2000000),
(584, 'JEIMY PAOLA ROJAS GUITIERREZ', 2000000),
(585, 'YONAY ANTONIO VERGARA VERGARA', 2000000),
(586, 'JONATHAN ALFONSO HERNANDEZ TORRES', 2000000),
(587, 'ROBERT ALEXANDER CAICEDO BURBANO', 2000000),
(588, 'CARLOS MAURO DIAZ PAJARO', 2000000),
(589, 'JOHN EDISSON DUARTE NARANJO', 2000000),
(590, 'WALTER  HENAO GIRALDO', 2000000),
(591, 'CRISTHIAN ALEJANDRO CARDONA ROJAS', 2000000),
(592, 'ALEX ADRIAN DAJOME VILLAQUIRAN', 2000000),
(593, 'FRAY ARLEY ARBOLEDA MESA', 2000000),
(594, 'LUIS HERNANDO SUAREZ SANCHEZ', 2000000),
(595, 'ANDERSON EFRAIN PE?A VERA', 2000000),
(596, 'ROBERTH IVAN MONROY TAFUR', 2000000),
(597, 'MARCELA YULIET CARDONA AMAYA', 2000000),
(598, 'JUAN DAVID JULIO MESA', 2000000),
(599, 'JUAN RICARDO VELEZ CERME?O', 2000000),
(600, 'JULIO CESAR VERGARA AMAYA', 1250000),
(601, 'JOSE DAVID DOMINGUEZ JAIMES', 1250000),
(602, 'GERMAN JOSE SANCHEZ PACHECO', 1250000),
(603, 'YEISON ALEXANDER GARCIA MANCO', 1250000),
(604, 'SANDRA MILENA VELASQUEZ CASTILLO', 1250000),
(605, 'CARLOS ANDRES TRUJILLO CORONEL', 1250000),
(606, 'IRLIS PAOLA NU?EZ SAMIA', 1250000),
(607, 'OSCAR DAVID AVILA MORA', 1250000),
(608, 'ISABEL CRISTINA RUIZ HURTADO', 1250000),
(609, 'JORGE ELIECER CARDENAS FONSECA', 1250000),
(610, 'AMAURY JOSE CUELLO SANTOS', 1250000),
(611, 'MARLY JOBANA NIETO RODRIGUEZ', 1250000),
(612, 'MARIA ANGELICA CORDOBA MONTOYA', 1250000),
(613, 'JUAN PABLO RIVERA QUINTERO', 1250000),
(614, 'HORACIO  VALENCIA CALDERON', 1250000),
(615, 'AGUSTIN VEGLIANTE DOMINGUEZ DIAZ', 1250000),
(616, 'LILIANA  LOAIZA CASTA?O', 1250000),
(617, 'YURI KATHERINE CAPERA MARTINEZ', 1250000),
(618, 'NELSON ADOLFO QUIROZ CARDENAS', 1250000),
(619, 'LUIS CARLOS MONTENEGRO FONTALVO', 1250000),
(620, 'CARLOS ALBERTO QUINTERO OSORIO', 1250000),
(621, 'ELZABETH  HERNANDEZ MARTINEZ', 1250000),
(622, 'HUMBERTO  AGUDELO CARCAMO', 1250000),
(623, 'JESUS DAVID PASTRANA TORRES', 1250000),
(624, 'DUMAR ALFREDO AREVALO CASTELLANOS', 1250000),
(625, 'JUAN ESTEBAN LOPEZ QUIROZ', 1250000),
(626, 'LINA MARCELA IBARRA TRUJILLO', 1250000),
(627, 'ERICK  PE?ARREDONDA FLOREZ', 1250000),
(628, 'JORGE LUIS HERNANDEZ DIAZ', 1250000),
(629, 'CARLOS ESTEBAN ARISTIZABAL ALZATE', 1250000),
(630, 'MARIA DEL PILAR   HENAO MORENO', 1250000),
(631, 'MAIRA ALEJANDRA BLANCO TABORDA', 1250000),
(632, 'YEINER  ALVAREZ GULFO', 1250000),
(633, 'WALTER DE JESUS   JARAMILLO SIERRA', 1250000),
(634, 'PATRICIA  ORTEGA SANDOVAL', 1250000),
(635, 'JENIFER ANDREA MONTES GUIRAL', 1250000),
(636, 'CARLOS ANDRES MONTOYA VASCO', 1250000),
(637, 'JOSE ANTONIO GARCIA BENJUMEA', 1250000),
(638, 'JHONJAN ARMANDO ORDO?EZ ROMO', 1250000),
(639, 'JHON ALEXANDER CALA DELGADO', 1250000),
(640, 'MARIA ESTEFANI GONZALEZ CANO', 1250000),
(641, 'ALEXIS MANUEL VALENCIA BARRAZA', 1250000),
(642, 'VICTOR RICARDO PINZON RODRIGUEZ', 1250000),
(643, 'MAIRA ALEJANDRA ORTIZ ZAPATA', 1250000),
(644, 'ALEJANDRO  VILLEGAS CARVAJAL', 1250000),
(645, 'ISABEL MARIA PATERNINA PICO', 1250000),
(646, 'MAIRA ALEJANDRA ESTRADA ORTIZ', 1250000),
(647, 'LUIS MIGUEL MORA RESTREPO', 1250000),
(648, 'LUCY STELLA HOYOS MOJICA', 1250000),
(649, 'YAQUELINE  USUGA RESTREPO', 1250000),
(650, 'MILEIDIS  PEDROZO MARTINEZ', 1250000),
(651, 'JONATHAN ANDRES OSORIO CASTILLO', 1250000),
(652, 'ERNEY ALEXANDER CARDONA CARDONA', 1250000),
(653, 'DIEGO MAURICIO QUINTERO DUQUE', 1250000),
(654, 'AMALIA  NARANJO MOLANO', 1250000),
(655, 'OMAR IVAN GOMEZ JIMENEZ', 1250000),
(656, 'DAVID EDUARDO ARIAS TORRES', 1250000),
(657, 'JUAN ESTEBAN LONDO?O ARBELAEZ', 1250000),
(658, 'PEDRO  GOYES GOMEZ', 1250000),
(659, 'JIMMY ANDREY CEPEDA MURILLO', 1250000),
(660, 'DIANA CAROLINA SANCHEZ BRAVO', 1250000),
(661, 'JHON ALEJANDRO LOPEZ MAZO', 1250000),
(662, 'JAVIER LEONARDO CORREA PADILLA', 1250000),
(663, 'JHON ALEXANDER BRAN VELEZ', 1250000),
(664, 'JUAN DAVID CUARTAS ARIAS', 1250000),
(665, 'JUAN SEBASTIAN SANCHEZ MEJIA', 1250000),
(666, 'JUAN FERNANDO GIL SANCHEZ', 1250000),
(667, 'JUAN ESTEBAN MEJIA GONZALEZ', 1250000),
(668, 'JORGE ALONSO PIEDRAHITA ALVAREZ', 1250000),
(669, 'DIEGO ALEJANDRO MALVACEA SOTO', 1250000),
(670, 'HARRISON ANDRES VANEGAS ZAPATA', 1250000),
(671, 'SEBASTIAN  MEJIA ALZATE', 1250000),
(672, 'ANGELICA MARIA AVILA AVILA', 1250000),
(673, 'NORA PAOLA URUE?A ARIZA', 1250000),
(674, 'FERNEDY  MARIN ZAPATA', 1250000),
(675, 'FRANCISCO DAVID ARBOLEDA WISAMANO', 1250000),
(676, 'ANA ERLINDA HERRERA SANCHEZ', 1250000),
(677, 'MILADIS  SILVA DORIA', 1250000),
(678, 'BELKINSON  ZULUAIKA TORRES', 1250000),
(679, 'EDISON ANDRES TAMAYO PADILLA', 1250000),
(680, 'FAIBER ALONSO GARCIA ACEVEDO', 1250000),
(681, 'FREDDY  MARTINEZ VILLAMIL', 1250000),
(682, 'MOISES  SANCHEZ MORENO', 1250000),
(683, 'YEIRSON ANDRES POLO VELASCO', 1250000),
(684, 'LILIANA MARIA TORRES MARIN', 1250000),
(685, 'LUZ KARIME DIAZ RIVERA', 1250000),
(686, 'JAINER  CASTRO GRAZZIANY', 1250000),
(687, 'CAMILO ANDRES VILLEGAS MARIN', 1250000),
(688, 'ANIBAL JOSE MIRANDA ALVAREZ', 1250000),
(689, 'DENNYS FERNEY CADENA GARAVITO', 1250000),
(690, 'YEIMER ALBEIRO LOAIZA RIOS', 1250000),
(691, 'LINA MARCELA JIMENEZ CANO', 1250000),
(692, 'CRISTHIAN  BENAVIDES ', 1250000),
(693, 'LUZ MARCELA MEDINA CLAVIJO', 1250000),
(694, 'JUAN PABLO AGUDELO GIRALDO', 1250000),
(695, 'WILMER  MOSQUERA MURILLO', 1250000),
(696, 'MOISES ESTEBAN RUIZ BUITRAGO', 1250000),
(697, 'LEADY JOHANA HOYOS MU?OZ', 1250000),
(698, 'SANTIAGO  BEDOYA GOMEZ', 1250000),
(699, 'VICTOR HUGO APONZA VELASCO', 1250000),
(700, 'JEFERSON DAVID ORTIZ ALEMAN', 1250000),
(701, 'JOSE GREGORIO LOPEZ DE LA HOZ ', 1250000),
(702, 'NELCY  MOSQUERA JIMENEZ', 1250000),
(703, 'JEIDER ADRIAN CA?AS GOMEZ', 1250000),
(704, 'ANDRES FELIPE RENDON VANEGAS', 1250000),
(705, 'FREDYS ENRIQUE VERGARA NARVAEZ', 1250000),
(706, 'WILSON DAVID BELLO LOPEZ', 1250000),
(707, 'MARIA EUGENIA AGUILAR MENDEZ', 1250000),
(708, 'HECTOR MANUEL REYES BONILLA', 1250000),
(709, 'JACSON  TARAZONA BERMON', 950000),
(710, 'LUIS EMILIANO BARON FORERO', 950000),
(711, 'JULIE MARIA LOPEZ GAMARRA', 950000),
(712, 'DIANA CAROLINA PEREZ PAVA', 950000),
(713, 'WILLIAM ANTONIO LOZADA MUNERA', 950000),
(714, 'EVERLEY  DAVILA LASSO', 950000),
(715, 'MARIA FERNANDA QUI?ONEZ ORTIZ', 950000),
(716, 'SINELA PATRICIA GIRALDO TELLEZ', 950000),
(717, 'RONALD STIVEN JIMENEZ BELTRAN', 950000),
(718, 'JOSE JACOBO OSPINA ORTIZ', 950000),
(719, 'CLAUDIA PATRICIA ARRUBLA RIVERA', 950000),
(720, 'DIANA PAOLA CORTES DIAZ', 950000),
(721, 'YESIKA PAOLA MONTOYA ZABALA', 950000),
(722, 'ELIUD  GONZALEZ SANJUAN', 950000),
(723, 'DIANA MARCELA VEGA PEREZ', 950000),
(724, 'CARLOS EDUARDO BENITEZ RODRIGUEZ', 950000),
(725, 'ANDRES FELIPE ACEVEDO CORREA', 950000),
(726, 'PEDRO  VILLEGAS VILLA', 950000),
(727, 'JUAN EUGENIO HIGUITA MARTINEZ', 950000),
(728, 'LEONEL DAVID MANJARRES PEREZ', 950000),
(729, 'ANA VANNESA ROBLES TORRES', 950000),
(730, 'LUIS HERNANDO SUAREZ SANCHEZ', 950000),
(731, 'YEISON FERNANDO ALZATE GIRALDO', 950000),
(732, 'CARLOS MAURICIO MAZO CASTRILLON', 950000),
(733, 'ANDRES FELIPE PATI?O OSORIO', 950000),
(734, 'FELIPE ALDEMAR GONZALEZ MARCELO', 950000),
(735, 'NGUYEN GILDARDO RAMIREZ GANTIVA', 950000),
(736, 'DIDIER EDUARDO LOPEZ BECERRA', 950000),
(737, 'EXNEIDER  AVENDA?O RODRIGUEZ', 950000),
(738, 'BLADIMIR DAVID HERRERA FERRER', 950000),
(739, 'OMAIDA  QUINTERO QUINTERO', 950000),
(740, 'MINSERRA MARIA JIMENEZ MARTINEZ', 950000),
(741, 'YOSMERIS  RODRIGUEZ ', 950000),
(742, 'JUAN GABRIEL CUARTAS VALLEJO', 950000),
(743, 'JORGE ALBERTO PEREZ LEGARDA', 950000),
(744, 'JAIME ALONSO ARREDONDO OSPINA', 950000),
(745, 'JUAN GABRIEL GONZALEZ GUERRERO', 950000),
(746, 'JHONATAN  GALLEGO CASTRILLON', 950000),
(747, 'ALEX DARIO ZAPATA LOPEZ', 950000),
(748, 'ANDRES MAURICIO ORTIZ USUGA', 950000),
(749, 'YESENIA  GOMEZ LOPEZ', 950000),
(750, 'NESTOR MAURICIO TORRES CERA', 950000),
(751, 'ROBINSON  SERNA VELEZ', 950000),
(752, 'ALCIDES HENRY BLANCO LAGUNA', 950000),
(753, 'DANY MARCELA NEGRETE SANCHEZ', 950000),
(754, 'JHON ESNEIDER CANTILLO CANTILLO', 950000),
(755, 'ROBERTHSON JOHAN PONTON ORJUELA', 950000),
(756, 'SAMUEL DAVID NEIRA ARAGON', 950000),
(757, 'MAURICIO ANDRES NAVARRO MARIN', 950000),
(758, 'JHOAN ESTEBAN CARVAJAL BEDOYA', 950000),
(759, 'OMAR ENRIQUE HERRERA PEREZ', 950000),
(760, 'DAMIAN DE JESUS   ESCORCIA MONTENEGRO', 950000),
(761, 'ADRIAN RENE HURTADO BUITRAGO', 950000),
(762, 'DUGLAS ALFONSO ARBOLEDA CHAVERRA', 950000),
(763, 'ADRIAN LEONARDO ORTIZ ARIAS', 950000),
(764, 'ZULAY MILENA MORALES ZAPATA', 950000),
(765, 'DIEGO ALEJANDRO QUINTERO CANO', 950000),
(766, 'EDIL  MATACEA BURGOS', 950000),
(767, 'DIDIER ANTONIO GIRALDO CUARTAS', 950000),
(768, 'ALBERTO  DE LA HOZ CAGUANO ', 950000),
(769, 'YAIR  RIVAS COSSIO', 950000),
(770, 'YENNIFER CRISTINA GIRALDO SUES', 950000),
(771, 'ARMANDO  GARZON GONZALEZ', 950000),
(772, 'JOHNNY ALEXIS GUERRERO QUIROGA', 950000),
(773, 'EHIDEGGER  OCAMPO PE?A', 950000),
(774, 'WILLIAN FERNEY VARGAS SANTANDER', 950000),
(775, 'JOHAN SEBASTIAN GARCIA RONDON', 950000),
(776, 'WANFER NAFER MERCADO DAVILA', 950000),
(777, 'PAULA ANDREA UPEGUI OSORIO', 950000),
(778, 'JUAN JOSE RESTREPO CORREA', 950000),
(779, 'BEVERLYS  DE LA CRUZ CANTILLO ', 950000),
(780, 'CARLOS ENRIQUE VILLAMIZAR GOMEZ', 950000),
(781, 'RUBIEL  VILLAMIZAR SANCHEZ', 950000),
(782, 'DANOVIS LUIS BENITEZ MARTINEZ', 950000),
(783, 'LEIDY YOJANA MOLINA MONTES', 950000),
(784, 'JORGE LUIS SIERRA HUERTAS', 950000),
(785, 'HECTOR FABIO HURTADO ZAPATA', 950000),
(786, 'BHALDDYON  LEIGHTON ', 950000),
(787, 'JUAN CARLOS OCHOA SOTO', 950000),
(788, 'GUILLERMO LEON MADRIGAL BALDOVINO', 950000),
(789, 'YAMILENA  DURAN PALACIOS', 950000),
(790, 'JOHAN ANDERLY GONZALEZ ATEHORTUA', 950000),
(791, 'JHON HANNER PABA GAMARRA', 950000),
(792, 'JAIRO ALEJANDRO FLOREZ SILVA', 950000),
(793, 'DIANA SHIRLEY BENITEZ DUQUE', 950000),
(794, 'CESAR ANDRES PE?A CONTRERAS', 950000),
(795, 'JAIDER  CASTRO ROMERO', 950000),
(796, 'JORGE IGNACIO QUINTERO ROJAS', 950000),
(797, 'SANTIAGO  ECHEVERRY ANGULO', 950000),
(798, 'CARMEN MARIA SUAREZ MURILLO', 950000),
(799, 'JOSE ALBERTO COSSIO MOJICA', 950000),
(800, 'LENYS SOFIA BASILIO CASTILLO', 950000),
(801, 'XIOMARA STELLA GIL ORTEGA', 950000),
(802, 'DIEGO TELLO CALVO ZAMBRANO', 950000),
(803, 'KEREN PATRICIA BELTRAN HOYOS', 950000),
(804, 'JOHN EDISON MURILLO PINEDA', 950000),
(805, 'DUMAR ALBEIRO ESCOBAR VARGAS', 950000),
(806, 'OMAR STIWEN OLAYA ', 950000),
(807, 'ROSALBA  TRIGOS CASTILLA', 950000),
(808, 'ERIKA YAMILE PRADA CHAPARRO', 950000),
(809, 'HERNAN DARIO ERAZO CUERO', 950000),
(810, 'JORGE LUIS ESCALONA LINARES', 950000),
(811, 'ERIBELSON  MONTOYA VARGAS', 950000),
(812, 'ANDERSON  MARTINEZ MORENO', 950000),
(813, 'GUSTAVO ADOLFO RAMIREZ GARCIA', 950000),
(814, 'WILMER EMANUEL VALENCIA RODRIGUEZ', 950000),
(815, 'KENNY  TORRES CASTA?EDA', 950000),
(816, 'DARWIN ERNESTO BOHORQUEZ JAIMES', 950000),
(817, 'OSCAR IVAN PETRO MENDEZ', 950000),
(818, 'OSCAR IVAN PETRO MENDEZ', 950000),
(819, 'FERLEY ALONSO MARIN GARCIA', 950000),
(820, 'CRISTIAN ALONSO GOMEZ CASTRO', 950000),
(821, 'BERTA LUCIA OCHOA TORRES', 950000),
(822, 'RONAL CAMILO VALENCIA RAMIREZ', 950000),
(823, 'JUAN PABLO MARULANDA MONTOYA', 950000),
(824, 'AURA ELINA LOPEZ NAVARRO', 950000),
(825, 'DAVID GONZALO MARIN MAYO', 950000),
(826, 'JHON JAIRO BOLIVAR CANO', 950000),
(827, 'JERSSON OSWALDO PORRAS AGUDELO', 950000),
(828, 'CARLOS ARBEY MORA MILLAN', 950000),
(829, 'ERIKA CRISTINA LOPEZ MONTOYA', 950000),
(830, 'HENRY  GIRALDO SANCHEZ', 950000),
(831, 'LUIS ALFREDO VALDES ARIZA', 950000),
(832, 'KELLY JOHANNA OVIEDO MESTRA', 950000),
(833, 'JONATHAN ANDRES ECHEVERRY ESTRADA', 950000),
(834, 'JOSE JHAIR MANJARRES BLANCO', 950000),
(835, 'MARIA ALEJANDRA GARCIA GONZALEZ', 950000),
(836, 'VICTOR ALFONSO VELLOJIN RAMOS', 950000),
(837, 'DIEGO HERNANDO CARDONA AYALA', 950000),
(838, 'TOMAS ALFREDO MORALES REQUENA', 950000),
(839, 'CARLOS ANDRES OTALVARO OSORIO', 950000),
(840, 'MAIRA CONSTANZA FIERRO ROJAS', 950000),
(841, 'YISED MARGARITA PEREZ JIMENEZ', 950000),
(842, 'OSCAR REINEL BASTIDAS TUTACHA', 950000),
(843, 'YELMI YULIANA POSADA DUQUE', 950000),
(844, 'LUZ ADRIANA LONGA BERMUDEZ', 950000),
(845, 'CRISTIAN LEONARDO SARMIENTO MARTINEZ', 950000),
(846, 'ALBERTO CARLOS MARTINEZ MARTINEZ', 950000),
(847, 'LAURA VANESSA MARTINEZ PADILLA', 950000),
(848, 'YEIMY ANDREA DOMINGUEZ GIRALDO', 950000),
(849, 'LUIS EDINSON RIVERA JIMENEZ', 950000),
(850, 'DARWIN  BARRERA TORNE', 950000),
(851, 'JULIO CESAR SEGURA CAICEDO', 950000),
(852, 'LEIDY YAMILE HENAO CANO', 950000),
(853, 'HELLEN JULIETH RODAS CATA?O', 950000),
(854, 'NEIRIS MARIA SEPULVEDA CONTRERAS', 950000),
(855, 'JEISSON DAVID SEGURA LONDO?O', 950000),
(856, 'JUAN FERNANDO CASTA?EDA PEREZ', 950000),
(857, 'ANDRES STIVENS ECHEVERRI RESTREPO', 950000),
(858, 'NYDIA ESPERANZA GOMEZ QUIROGA', 950000),
(859, 'YAMID ALBERTO ROZO MONROY', 950000),
(860, 'SINDRY ISABEL POLO CANTILLO', 950000),
(861, 'YEISON ESTEBAN ZAPATA VELASQUEZ', 950000),
(862, 'LEYDI MARCELA GOMEZ ', 950000),
(863, 'ANGEL DANIEL CARO MU?OS', 950000),
(864, 'SERGIO JANIO ARIZA LONDO?O', 950000),
(865, 'DIANA MARIA MERA ROJAS', 950000),
(866, 'FRANKLI ARLEY GARCIA AGUDELO', 950000),
(867, 'CARLOS ANDRES JAIME VILLARRAGA', 950000),
(868, 'ALBA VIVIANA ARENAS CONDE', 950000),
(869, 'PAULA ANDREA GOMEZ MARTINEZ', 950000),
(870, 'FRANCISCO JAVIER ILES ORTIZ', 950000),
(871, 'LUCY  ANGULO ORTIZ', 950000),
(872, 'JUAN DIEGO MU?OZ VELEZ', 950000),
(873, 'JOHANA PATRICIA LEON BELTRAN', 950000),
(874, 'JAIRO ALONSO VILLEGAS GARCIA', 950000),
(875, 'JESUS ALBERTO DONCEL RINCON', 950000),
(876, 'JOSE ALEXANDER ESPITIA QUINTERO', 950000),
(877, 'JUAN CARLOS GIRALDO ECHEVEERY', 950000),
(878, 'DIANA PATRICIA GUTIERREZ POLO', 950000),
(879, 'YEFERSON  MANTILLA REDONDO', 950000),
(880, 'ERVIN JULIAN HENAO PORRAS', 950000),
(881, 'LUIS CARLOS SALINAS DIAZ', 950000),
(882, 'SANDRA PATRICIA RIASCOS CARDONA', 950000),
(883, 'WILSON ALFONSO CARDONA GARCIA', 950000),
(884, 'RONALD ALEXIS DELGADO OTALORA', 950000),
(885, 'EDWIN GILBERTO MORALES VALENCIA', 950000),
(886, 'ANGEL GABRIEL VELASQUEZ MONTIEL', 950000),
(887, 'FREDY YESID DELGADO PEREZ', 950000),
(888, 'JHON FREDY OSPINA MOLINA', 950000),
(889, 'PEDRO LUIS DE LA HOZ CONSUEGRA ', 950000),
(890, 'GUSTAVO ALEJANDRO VERGARA GODOY', 950000),
(891, 'ELIZABETH  POLANIA CONDE', 950000),
(892, 'ANDRES ANTONIO SANCHEZ MELENDEZ', 950000),
(893, 'MELISA ANDREA CA?AS OCHOA', 950000),
(894, 'MARIA ALEJANDRA GUTIERREZ CARVAJAL', 950000),
(895, 'JAIR GUSTAVO REYES SANTOS', 950000),
(896, 'ALDAIR JOSE BERNET PEREZ', 950000),
(897, 'OSCAR  GONZALEZ OSORIO', 950000),
(898, 'GINA PAOLA BARRIOS OSPINO', 950000),
(899, 'DIDIER  RAYO POVEDA', 950000),
(900, 'DEISY TATIANA CAMPOS QUIROGA', 950000),
(901, 'WILLIAM  BANGUERA HERNANDEZ', 950000),
(902, 'OSWALDO JOSE SUAREZ PALENCIA', 950000),
(903, 'AUDREY SARITH LOPEZ HERNANDEZ', 950000),
(904, 'JHOHAN STEVEN ALEXANDER   VELASQUEZ ECHAVARRIA', 950000),
(905, 'LUIS ERNESTO AVILA ROJAS', 950000),
(906, 'JHOVANI ALBERTO CARDONA ROJAS', 950000),
(907, 'ROBIN ALEXANDER OCAMPO PINEDA', 950000),
(908, 'LIBARDO ENRIQUE ZAPATA ORTIZ', 950000),
(909, 'JOSE DAVID TORRES JIMENEZ', 950000),
(910, 'NANCY MARIA OCHOA BONILLA', 950000),
(911, 'DIEGO FERNANDO ESCALANTE MARIN', 950000),
(912, 'INGRID TATIANA RESTREPO GALEANO', 950000),
(913, 'MARIA LOURDES AMARIS HERRERA', 950000),
(914, 'DIEGO MAURICIO URREGO VELEZ', 950000),
(915, 'LINA MARCELA BALANTA BOTERO', 950000),
(916, 'JOSE GREGORIO LINERO SANCHEZ', 950000),
(917, 'JORGE ALONSO GALLEGO ESTRADA', 950000),
(918, 'HEIDY LIZETH LUCUMY CONSTAIN', 950000),
(919, 'MANUEL ARTURO BARRERA CATA?O', 950000),
(920, 'ANDRES FELIPE BERMUDEZ GOMEZ', 950000),
(921, 'CARLOS MARIO MARTES LOPEZ', 950000),
(922, 'WILMAR ALEXANDER  SIERRA  MOLINA ', 950000),
(923, 'ORBEIS ENRIQUE DIAZ SOTELO', 950000),
(924, 'HERNANDO  RODRIGUEZ SUAREZ', 950000),
(925, 'MANUEL  RODRIGUEZ VALERO', 950000),
(926, 'LUBA ESTHER SOLANO MEJIA', 950000),
(927, 'DIEGO ARMANDO CANTILLO ORDO?EZ', 950000),
(928, 'NORLEY  DAVID GARZON', 950000),
(929, 'JAIVER DARIO GUZMAN REYES', 950000),
(930, 'SERGIO ANDRES MONTA?EZ BARRETO', 950000),
(931, 'FAUSTO ALEXANDER ROJAS CORREA', 950000),
(932, 'ABELARDO CESAR PE?ATE COAVAS', 950000),
(933, 'JAIME ALDUVER QUINTERO QUINTERO', 950000),
(934, 'JOSE LEONARDO VERA PEREZ', 950000),
(935, 'CARLOS MARIO HERNANDEZ ARGEL', 950000),
(936, 'JORGE ARMANDO ROLON RODRIGUEZ', 950000),
(937, 'MARCO ANTONIO RODRIGUEZ GARIZABALO', 950000),
(938, 'KELLY SABRINA OLIVEROS ', 950000),
(939, 'CARLOS  ALFREDO NISPERUSA BELTRAN', 950000),
(940, 'RICARDO ALONSO ROBLEDO OROZCO', 950000),
(941, 'CRISTIAN ANDRES MONSALVE ', 950000),
(942, 'YULI ANDREA SALAZAR GIRALDO', 950000),
(943, 'FRANKLIN JOSE CORTECERO PERALTA', 950000),
(944, 'JOSE GABRIEL ADARVE ROJAS', 950000),
(945, 'EDWIN JERVER QUIJANO PEREZ', 950000),
(946, 'DIANA CAROLINA LOPEZ VASCO', 950000),
(947, 'FABIO ANDRES TORRES BROCHERO', 950000),
(948, 'DANIEL  FONSECA DURAN', 950000),
(949, 'JUAN CARLOS RAMOS CASTA?EDA', 950000),
(950, 'ZAIDA ANGELICA MARTINEZ PACHECO', 950000),
(951, 'CARLOS ALBERTO AGUDELO AGUDELO', 950000),
(952, 'DURLEY SORANLLY HENAO SALAZAR', 950000),
(953, 'INGRID PAOLA ORTEGA CARDENAS', 950000),
(954, 'YEIMAN ANTONIO CASTANEDA ZAPATA', 950000),
(955, 'MEYER FABIAN JARAMILLO LEON', 950000),
(956, 'JOSE ALEXANDER ISIDRO ', 950000),
(957, 'VICTOR ALFONSO ROJAS AVENDA?O', 950000),
(958, 'WILSON DANIEL GARCIA RODRIGUEZ', 950000),
(959, 'JOSE LUIS MARTINEZ DE LEON  ', 950000),
(960, 'MARILU  SOLANO QUINTERO', 950000),
(961, 'LEIDER  CARDOZO CRISTANCHO', 950000),
(962, 'YISEL  BERRIO HERRERA', 950000),
(963, 'MARCO  BERNAL SILVA', 1850000),
(964, 'YORGUI  MERCHAN LANDINEZ', 1850000),
(965, 'LUISA FERNANDA MONTOYA TABARES', 1850000),
(966, 'ERIDELSON  MONTOYA VARGAS', 1850000),
(967, 'DANILO ALFONSO MU?OZ DIAZ', 1850000),
(968, 'MARIA DEL PILAR   DE MARES', 1850000),
(969, 'DEIBIS  CAMARGO OJEDA', 1850000),
(970, 'SIMON ORLANDO PEREZ VILLAMIZAR', 1850000),
(971, 'BRIGNEY ALEXANDER ROBLES SUAREZ', 1850000),
(972, 'LUZ KARIME FLOREZ FONSECA', 1850000),
(973, 'OSCAR DARIO VILLABONA GUERRERO', 1850000),
(974, 'LINA  MARCELA HENAO LOPEZ', 1850000),
(975, 'OSCAR JAVIER VARGAS CARO', 1850000),
(976, 'JOSE LUIS CASTA?O ESCOBAR', 1850000),
(977, 'CARLOS YIOVANY GALVIS DIAZ', 1850000),
(978, 'DARLEY  RODRIGUEZ BARRIOS', 1850000),
(979, 'CARLOS ANDRES BEDOYA PORTELA', 1850000),
(980, 'MAIRA ALEJANDRA VASQUEZ ', 1850000),
(981, 'JUAN SEBASTIAN VANEGAS TORRES', 1850000),
(982, 'JORGE ARMANDO RODRIGUEZ HENAO', 1850000),
(983, 'ROBERTO CARLOS OJEDA RAMO', 1850000),
(984, 'WILLIAN ENRIQUE CASTA?EDA LEAL', 1850000),
(985, 'JOHANNY  AVILA HERNANDEZ', 1850000),
(986, 'KATHY MAYERLY PULIDO BECERRA', 1850000),
(987, 'ALBERT  HERNANDEZ DIAZ', 1850000),
(988, 'BENJAMIN  CASTRILLON CALLE', 1850000),
(989, 'RONALD MAURICIO FERNANDEZ CALLEJAS', 1850000),
(990, 'MELQUISEDEC  MARZOLA VIDES', 1850000),
(991, 'JONATAN  GARCIA PIZA', 1850000),
(992, 'ALEX JAVIER LOPEZ GOMEZ', 1850000),
(993, 'FABIO  GARCIA OTERO', 1850000),
(994, 'TATIANA KASANDRA MARTINEZ CASTRILLON', 1850000),
(995, 'CAMILO ANDRES RAMIREZ MORALES', 1850000),
(996, 'DAVID ENRIQUE BALLESTAS SEPULVEDA', 1850000),
(997, 'EFRAIN  ROJAS HEREDIA', 1850000),
(998, 'JORGE ANDRES MONTA?O CABRERA', 1850000),
(999, 'MONICA ALEXANDRA RAMIREZ GOMEZ', 1850000),
(1000, 'JASBLEIDY  QUIROGA MAHECHA', 1850000),
(1001, 'JHON ALEXANDER BENAVIDEZ CORDOBA', 1850000),
(1002, 'GUSTAVO ADOLFO VEGA MARTINEZ', 1850000),
(1003, 'VICTOR ALFONSO VALENCIA RIVERA', 1850000),
(1004, 'FLOR ANGELA TORRES BOHORQUEZ', 1850000),
(1005, 'LUIS ALBERTO MORELO ', 1850000),
(1006, 'FABIAN VELASQUEZ OROZCO ', 1850000),
(1007, 'FABIAN ANDRES LOPEZ ', 1850000),
(1008, 'DIEGO ALEJANDRO GONZALEZ AGUIRE', 1850000),
(1009, 'LEIDER ENRIQUE ANGEL PACHECO', 1850000),
(1010, 'JESSICA  ESTERILLA TEJADA', 1850000),
(1011, 'IRVING LUIS MORALES MORALES', 1850000),
(1012, 'CLEIDER ENRIQUE TORRES GUTIERREZ', 1850000),
(1013, 'LEIDI JOHANA CEBALLOS CASTRILLON', 1850000),
(1014, 'DANIEL ARMANDO ARDILA PINTO', 1850000),
(1015, 'CAROLINA  GONZALEZ HERRERA', 1850000),
(1016, 'WADER EMILIO BANDA AYALA', 1850000),
(1017, 'FREDY ARMANDO GONZALEZ CALERO', 1850000),
(1018, 'CARLOS HENRY RODRIGUEZ SALGADO', 1850000),
(1019, 'JUAN ARGEMIRO VIDES ALVAREZ', 1850000),
(1020, 'YEISON ANDRES CHAVERRA JIMENEZ', 1850000),
(1021, 'KEVIS DE JESUS   RODRIGUEZ MEDINA', 1850000),
(1022, 'DANIEL FERNANDO MARTINEZ SALAZAR', 1850000),
(1023, 'JUAN FERNANDO ORTIZ CEBALLOS ', 1850000),
(1024, 'OSCAR JAVIER TIMOTE ESCUDERO', 1850000),
(1025, 'CAMILO ALEJANDRO GUERRERO GUTIERREZ', 1850000),
(1026, 'ESTEBAN JORGE ROMERO HERNANDEZ', 1850000),
(1027, 'ROBERT MAURICIO MARIN CARO', 1850000),
(1028, 'MIGUEL ANGEL CA?ON RODRIGUEZ', 1850000),
(1029, 'EDGAR PAOLO MOSQUERA MERCADO', 1850000),
(1030, 'CARMEN ELIZA HOLGUIN ARRUBLA', 1850000),
(1031, 'LAURA MARCELA GALVIS JIMENEZ', 1850000),
(1032, 'ISABEL CRISTINA RUIZ RAMIREZ', 1850000),
(1033, 'ANDRES FELIPE GARCIA VELEZ', 1850000),
(1034, 'GENY PAOLA ROMO PULGARIN', 1850000),
(1035, 'RUT MILENA RUDA TAVERA', 1850000),
(1036, 'ENDERSON RAUL FUENTES VERGARA', 1850000),
(1037, 'DEISY LORENA CARDONA ', 1850000),
(1038, 'LUZ ESTELLA ROMERO GAVIRIA', 1850000),
(1039, 'SAMUEL ALEJANDRO VELEZ GALLEGO', 1850000),
(1040, 'CLAUDIA MILENA CASTRO CALDERON', 1850000),
(1041, 'DUVAN ANDRES GARCIA RUIZ', 1850000),
(1042, 'NARJIS  MAYORGA AGUDELO', 1850000),
(1043, 'MEIBER ANDRES DURAN GIL', 1850000),
(1044, 'YESSICA YURANI TORO MARTINEZ', 1850000),
(1045, 'JORGE LUIS FRANCO SAENZ', 1850000),
(1046, 'JUAN CARLOS CARDENAS SALAS', 1850000),
(1047, 'EDWIN  REINA ', 1850000),
(1048, 'DARIO ALEXANDER FLOREZ URIBE', 1850000),
(1049, 'WILSON FERNANDO CUASPUD CHAUCANES', 1850000),
(1050, 'RUBEN DARIO VILLADA ', 1850000),
(1051, 'PEDRO LUIS MERCADO CANTERO', 1850000),
(1052, 'JUAN BERNARDO BRAN BEDOYA', 1850000),
(1053, 'LEIDI YOHANA RIVEROS VALDERRAMA', 1850000),
(1054, 'WILLIAM ARMANDO GONZALEZ ', 1850000),
(1055, 'JUAN DE JESUS   RIOS OROZCO', 1850000),
(1056, 'EDUARD GUILLERMO PUENTES ACEVEDO', 1850000),
(1057, 'JORGE LUIS SANCHEZ SIERRA', 1850000),
(1058, 'LINA MARCELA TENJO MARTINEZ', 1850000),
(1059, 'FELIX ANTONIO QUINTERO VALDERRAMA', 1850000),
(1060, 'CARLOS OMAR CASTRO PEROZO', 1850000),
(1061, 'DIANA ALEJANDRA WALKER MARTINEZ', 1850000),
(1062, 'KELLY  PALACIOS MOSQUERA', 1850000),
(1063, 'TOMAS ANTONIO DIAZ BRAVO', 1850000),
(1064, 'MARIANA ALEJANDRA BONIVENTO ARPUSHANA', 1850000),
(1065, 'JHON ALEXIS CARRILLO BARON', 1850000),
(1066, 'LEYDI  GUZMAN CORREA', 1850000),
(1067, 'RAFAEL ENRIQUE ARRIETA MARQUEZ', 1850000),
(1068, 'ROBINSON ANDRES VARON HERNANDEZ', 1850000),
(1069, 'DALYS ESTHER NAVARRO BENITEZ', 1850000),
(1070, 'PEDRO PASCUAL PALACIOS TRIANA', 1850000),
(1071, 'CARLOS MARIO VASQUEZ ROJO', 1850000),
(1072, 'EDINSON DAVID IBARRA PADILLA', 1850000),
(1073, 'JHON FREDY ZAMORA CARRILLO', 1850000),
(1074, 'JORGE ALBERTO SEPULVEDA ECHEVERRY', 1850000),
(1075, 'CARLOS ALBERTO OSORIO GUAPACHA', 1850000),
(1076, 'JUAN DAVID VASQUEZ MONTOYA', 1850000),
(1077, 'YURI YOANA TORO CANO', 1850000),
(1078, 'ELIANA MARIA HERNANDEZ SALGADO', 1850000),
(1079, 'HENRI DE JESUS   LOPEZ HERRERA', 1850000),
(1080, 'DIEGO LEON YARCE DAZA', 1850000),
(1081, 'MARIA ALEJANDRA COLON CASTRO', 1850000),
(1082, 'WILSON  ESTEVEZ QUINTERO', 1850000),
(1083, 'ANGELA PATRICIA NU?EZ SUAREZ', 1850000),
(1084, 'MIREYA  RINCON DELGADO', 1850000),
(1085, 'MAIRA  ALEJANDRA  MENA  MOSQUERA ', 1850000),
(1086, 'EZEQUIEL ALBERTO MARTINEZ PADILLA', 1850000),
(1087, 'JAMES ANDRES POVEDA CARDONA', 1850000),
(1088, 'HERNAN ALEXANDER CONTRERAS CARRE?O', 1850000),
(1089, 'EDINSON JAVIER RINCON VERGEL', 1850000),
(1090, 'FABIO ALBERTO PEREZ GIRALDO', 1850000),
(1091, 'HUMBERTO EMILIO TAMAYO CASTRILLON', 1850000),
(1092, 'JORGE NELSON GALLEGO AVENDA?O', 1850000),
(1093, 'JORGE LUIS MORENO ROCHA', 1850000),
(1094, 'DIEGO ALEJANDRO VELEZ ARREDONDO', 1850000),
(1095, 'YONNY ALEXANDER RESTREPO NARANJO', 1850000),
(1096, 'SANDRA MILENA SALAZAR ', 1850000),
(1097, 'FERNANDO  ORTIZ SOTO', 1850000),
(1098, 'ANGELA MARIA BAQUERO GARCIA', 1850000),
(1099, 'OTILIA VERONICA MOSQUERA GARCIA', 1850000),
(1100, 'LEIBIS JOHANA PINEDA FERNNADEZ', 1850000),
(1101, 'JUAN CARLOS PE?A GRISALES', 1850000),
(1102, 'CARLOS ANDRES PEREZ ACEVEDO', 1850000),
(1103, 'YOSMAR JOSE RINCON FERNANDEZ', 1850000),
(1104, 'FABIOLA ESTHER DIAZ CORRO', 1850000),
(1105, 'DUBER ALEXIS VALENCIA GAVIRIA', 1850000),
(1106, 'CRISTIAN ADRIAN CRISTANCHO CIFUENTES', 1850000),
(1107, 'LUCAS SEGUNDO AVENDA?O ANAYA', 1850000),
(1108, 'LUIS FERNANDO RAMOS MADERA', 1850000),
(1109, 'DEISY JOHANA ARBOLEDA QUIROZ', 1850000),
(1110, 'ODULFO ANDRES LADINO NIETO', 1850000),
(1111, 'JUAN CARLOS CAICEDO PEREA', 1850000),
(1112, 'JOHN EDISON PERALTA IPUANA', 1850000),
(1113, 'JULYN CAROLINA BAUTISTA MARTINEZ', 1850000),
(1114, 'LUIS FERNANDO BETANCOURT CHAVEZ', 1850000),
(1115, 'MARIA ISABEL GONZALEZ ', 1850000);
INSERT INTO `deudores` (`Id_Deudores`, `Nombre_Deudore`, `Ingresos`) VALUES
(1116, 'ANA MARLENY VALLEJO LOPEZ', 1850000),
(1117, 'LUIS CARLOS GUTIERREZ ', 1850000),
(1118, 'DORIS EDILIA PINEDA GIRALDO', 1850000),
(1119, 'YEFERSSON EDUARDO VERAN CACERES', 1850000),
(1120, 'DIANA CAROLINA ALVAREZ ZULUAGA', 1850000),
(1121, 'HANS  CORTES AGUIRE', 1850000),
(1122, 'ALIRIO  SIERRA RAMIREZ', 1850000),
(1123, 'ALEJANDRO  MOLINA RUA', 1850000),
(1124, 'JHON FREDY VILLAMIL CASTILLO', 1850000),
(1125, 'ALBERTO SEGUNDO NAVARRO NAVARRO', 1850000),
(1126, 'DIEGO FERNANDO PORTILLO ', 1850000),
(1127, 'OSMALDALID  DIAZ RINCON', 1850000),
(1128, 'SARAI  ZAPATA MENDOZA', 1850000),
(1129, 'LUZ STELLA MESTRA GOEZ', 1850000),
(1130, 'VICTOR HUGO RODRIGUEZ CHAUTA', 1850000),
(1131, 'NELSON FERNEY BOTERO ARCILA', 1850000),
(1132, 'JAVIER EDUARDO DEDE PABON', 1850000),
(1133, 'WILSON JOSE FLOREZ BUENO', 1850000),
(1134, 'MONICA ANDREA PEREZ ROLDAN', 1850000),
(1135, 'LUIS EDUARDO VARGAS VILLAMIL', 1850000),
(1136, 'GERCEL  MORA OTERO', 1850000),
(1137, 'YULIS ESTHER PEREZ ZABALA', 1850000),
(1138, 'LUIS MARTIN ROJAS AMAYA', 1850000),
(1139, 'DEIMER ANTONIO RIVERA ARRIETA', 1850000),
(1140, 'NORBEY DE JESUS   ROJAS GARCIA', 1850000),
(1141, 'GIOVANY ALBERTO AREIZA CARVAJAL', 1850000),
(1142, 'JUAN JOSE OSPINO VARGAS', 1850000),
(1143, 'MONICA  PEREZ ZULUAGA', 1850000),
(1144, 'WILLIAM RICARDO AREVALO CORREDOR', 1850000),
(1145, 'JULIAN ANDRES CARMONA TABORDA', 1850000),
(1146, 'JOHN EDISON ZULUAGA VALECIA', 1850000),
(1147, 'WILLAN  GOMEZ MEJIA', 1850000),
(1148, 'HUGO MIGUEL LOZANO TORDECILLA', 1850000),
(1149, 'ISABELLA  ZULETA PARRA', 1850000),
(1150, 'JUAN GABRIEL ESPITIA MEDINA', 1850000),
(1151, 'MARIA DELIA AFANADOR ', 1850000),
(1152, 'CRISTIAN CAMILO FERNANDEZ GIL', 1850000),
(1153, 'LUIS CARLOS RODRIGUEZ MU?OZ', 1850000),
(1154, 'DUBERNEY SHAROLL QUINTERO LOPEZ', 1850000),
(1155, 'FRANCISCO JAVIER HERAZO PASTRANA', 1850000),
(1156, 'LEIDY  MURILLO ', 1850000),
(1157, 'ROYMAR LEONARDO MELEDEZ CONTRERAS', 1850000),
(1158, 'RICARDO ALONZO RODRIGUEZ PARRA', 1850000),
(1159, 'CESAR AUGUSTO LLANOS CHACON', 1850000),
(1160, 'ALEXANDER  SALAS FONTALVO', 4550000),
(1161, 'DESIRRE  TORRES OCHOA', 4550000),
(1162, 'EDINSON  CANO CALDERON', 4550000),
(1163, 'CRISTIAN FERNEY MAHECHA FARFAN', 4550000),
(1164, 'WILLIAM ALFONSO DOMINGUEZ DURAN', 4550000),
(1165, 'EDWIN  GARCIA VARGAS', 4550000),
(1166, 'GEIVER ESTIVEN BETANCUR VELASQUEZ', 4550000),
(1167, 'BERTHA AYDEE BUITRAGO GANTIVA', 4550000),
(1168, 'JULIAN ALONSO BUSTAMANTE MU?OZ', 4550000),
(1169, 'MARIA ISABEL SALAZAR VALDERRAMA', 4550000),
(1170, 'JOSE JHONATAN VASQUEZ TORRES', 4550000),
(1171, 'JERSON JAIR FORERO TRILLOS', 4550000),
(1172, 'JHON ANDRES GOMEZ CASTA?O', 4550000),
(1173, 'DANIEL ALEJANDRO MACHADO ARTEAGA', 4550000),
(1174, 'EDWIN ALEJANDRO RIOS FLOREZ', 4550000),
(1175, 'HECTOR ALFONSO GUERRERO MELENDEZ', 4550000),
(1176, 'JOHN ALEXANDER SAGANOME CASTIBLANCO', 4550000),
(1177, 'XIOMARA YANETH GARCIA FLOREZ', 4550000),
(1178, 'JUAN CARLOS HUERTAS CARDENAS', 4550000),
(1179, 'JULIAN  ALVAREZ GRISALES', 4550000),
(1180, 'JUAN SEBASTIAN SUAREZ RODRIGUEZ', 4550000),
(1181, 'BLANCA NURYS PEREZ GOMEZ', 4550000),
(1182, 'LUIS ALBERTO MARTINEZ RAMIREZ', 4550000),
(1183, 'NELLY PATRICIA BERBESI MOJICA', 4550000),
(1184, 'CAMILO ERNESTO LOBO PRIETO', 4550000),
(1185, 'GEIDIS DOLORES FLOREZ BORJA', 4550000),
(1186, 'SEGUNDO NEFTALI GUANGA BISBICUS', 4550000),
(1187, 'NANCY  ROMERO TORRES', 4550000),
(1188, 'ANDREI  AFANADOR MOLINA', 4550000),
(1189, 'HECTOR FABIO HENAO RUDA', 4550000),
(1190, 'RICARDO JOSE BERMUDEZ HENRIQUEZ', 4550000),
(1191, 'OSWALDO  LI?AN JUNCO', 4550000),
(1192, 'OMAIRA  CALDERON MARQUEZ', 4550000),
(1193, 'YONNY OSCAR BLANDON BARRIENTOS', 4550000),
(1194, 'CRISTIAN CAMILO GUERRERO MARTINEZ', 4550000),
(1195, 'CARMEN JUANA ARRIETA ARRIETA', 4550000),
(1196, 'FRANCISCO ANDRES PATI?O OROZCO', 4550000),
(1197, 'EDELBERTO  PIRA PELAEZ', 4550000),
(1198, 'JENNIFER  ARANZALES HOLGUIN', 4550000),
(1199, 'CARLOS ALBERTO SANCHEZ ', 4550000),
(1200, 'FABIAN ANDRES DIAZ DIAZ', 4550000),
(1201, 'FABIAN RICARDO DIAZ GARCIA', 4550000),
(1202, 'GONZALO  CARDENAS SALCEDO', 4550000),
(1203, 'JOHN ESTEBAN VILLA QUINTERO', 4550000),
(1204, 'CARLOS ANDRES ADRADA URCUQUI', 4550000),
(1205, 'CARMEN ZUNILDA RAMIREZ MOSQUERA', 4550000),
(1206, 'VICTOR ALFONSO NIETO CARDONA', 4550000),
(1207, 'JHON FABIO LOAIZA MOSQUERA', 4550000),
(1208, 'DANIEL ALEXANDER OCHOA ', 4550000),
(1209, 'EDWIN HERNAN RODRIGUEZ RODRIGUEZ', 4550000),
(1210, 'DARIO  PE?A GOMEZ', 4550000),
(1211, 'JOSE ALEXANDER BARRIOS DURAN', 4550000),
(1212, 'HEBERTH  ESCOBAR SEGURA', 4550000),
(1213, 'VICTOR ALFONSO ROLDAN HERRERA', 4550000),
(1214, 'JOSE JAVIER GONZALEZ PEREZ', 4550000),
(1215, 'JOSE LUIS SANCHEZ PEREZ', 4550000),
(1216, 'JAIR ALFONSO BARRERA RUIZ', 4550000),
(1217, 'DIEGO ARMANDO LOPEZ RENGIFO', 4550000),
(1218, 'YEIMY  MERCHAN GONZALEZ', 4550000),
(1219, 'YEISON MAURICIO AGUDELO GIRALDO', 4550000),
(1220, 'IGMAR DARIO JARAMILLO AGUDELO', 4550000),
(1221, 'AMAURIS JOSE SOTELO NISPERUZA', 4550000),
(1222, 'JORGE LUIS FAJARDO FAJARDO', 4550000),
(1223, 'JOHN ALEJANDRO PEREZ VALENCIA', 4550000),
(1224, 'LUIS HERNESTO GUTIERREZ MORENO', 4550000),
(1225, 'JEISSON ALEXANDER CASTRO GONZALEZ', 4550000),
(1226, 'EDIER  MANCO BENITEZ', 4550000),
(1227, 'EDNA LUCIA NI?O LOPEZ', 4550000),
(1228, 'SARA MARIA PALACIOS PALACIO', 4550000),
(1229, 'MESIAS  SANABRIA PARRA', 4550000),
(1230, 'GUILLERMO ENRIQUE REYES SANTOS', 4550000),
(1231, 'ERIKA  FORONDA GARCIA', 4550000),
(1232, 'JHONATHAN JAVIER RUBIANO ORTIZ', 4550000),
(1233, 'YESICA MAYERLY OROZCO OSPINA', 4550000),
(1234, 'LUIS ALBERTO CACERES ASPRILLA', 4550000),
(1235, 'DIDIER RICARDO RODRIGUEZ PULGARIN', 4550000),
(1236, 'NATALIA  BLANDON ORTIZ', 4550000),
(1237, 'DUBAN  MADRIGAL GIL', 4550000),
(1238, 'DIANA MIRELLA URIBE LOPEZ', 4550000),
(1239, 'ANDERSON ANDRES TORRECILLA SOLANO', 4550000),
(1240, 'DEISSY YANETH VASQUEZ ALVAREZ', 4550000),
(1241, 'JAVIER ALEXANDER CALDERON MELGAREJO', 4550000),
(1242, 'EDISON MANUEL BRAVO GARCIA', 4550000),
(1243, 'FERNANDO ANDRES BARRERA GUTIERREZ', 4550000),
(1244, 'DAISON MANUEL PAEZ CANABAL', 4550000),
(1245, 'JOHAN MANUEL DIAZ HERNANDEZ', 4550000),
(1246, 'JHON JAIRO ARROYO CANABAL', 4550000),
(1247, 'JOHN JAIRO GUERRERO FRANCO', 4550000),
(1248, 'JUAN GUILLERMO SERNA CASTA?EDA', 4550000),
(1249, 'MICHAEL JULIAN ORTIZ TOVAR', 4550000),
(1250, 'BIANKA  BOHORQUEZ MANOSALVA', 4550000),
(1251, 'LENNY VANESSA JAIMES ESCOBAR', 4550000),
(1252, 'EDUAR  CASTA?O CARVAJAL', 4550000),
(1253, 'DIANA MARCELA ROA VARGAS', 4550000),
(1254, 'JUAN CAMILO AGRAY CORREDOR', 4550000),
(1255, 'LUISA FERNANDA GALLEGO GARCIA', 4550000),
(1256, 'FRAN FERNEY COSME JIMENEZ', 4550000),
(1257, 'OMAR ALBERTO GALLEGO RENDON', 4550000),
(1258, 'MICHAEL DAVID GIRALDO ACEVEDO', 4550000),
(1259, 'KEVIN WALBERTO VASQUEZ MATOS', 4550000),
(1260, 'CESAR  ABAUNZA PE?A', 4550000),
(1261, 'SILFREDO ALONSO VEGA DUE?AS', 4550000),
(1262, 'GERMAN ANDRES ARANZAZU ', 4550000),
(1263, 'LEIDY CAROLINA MONROY CARDONA', 4550000),
(1264, 'DIANA CRISTINA CEBALLOS BAHENA', 4550000),
(1265, 'EDINSON CAMILO PACHECO PRIETO', 4550000),
(1266, 'KISAY YESSENIA MARI?O CORTES', 4550000),
(1267, 'JONY ALEXANDER JIMENEZ BETANCUR', 4550000),
(1268, 'JESUS ANDRES CASTILLO CORTES', 4550000),
(1269, 'SILVIA CRISTINA OTERO CANO', 4550000),
(1270, 'OMAR ENRIQUE ALVAREZ SARMIENTO', 4550000),
(1271, 'DAVID  ECHEVERRI RIOS', 4550000),
(1272, 'JESUS ANTONIO BARRIOS VALENCIA', 4550000),
(1273, 'IVAN ALEXANDER BARRAGAN PINEDA', 4550000),
(1274, 'YUDIANI ALEJANDRA GALEANO ', 4550000),
(1275, 'IVAN DARIO ROJAS LONGAS', 4550000),
(1276, 'ELIZABETH ALEXANDRA URIBE ', 4550000),
(1277, 'HECTOR FABIO ALVARADO PINEDA', 4550000),
(1278, 'KAREN NEREIDA MARTINEZ GUTIERREZ', 4550000),
(1279, 'VIRGILIO JOSE GONZALEZ ELLES', 4550000),
(1280, 'EDWIN DARIO CANTILLO MENDOZA', 4550000),
(1281, 'LUIS DAVID ZULETA RAVELO', 4550000),
(1282, 'HELVER JEHIR FONSECA RODRIGUEZ', 4550000),
(1283, 'BRIANYS  CARDONA CARDENAS', 4550000),
(1284, 'CARLOS MAURICIO LEON ', 4550000),
(1285, 'EDWIN SANTIAGO MONTENEGRO CHILATRA', 4550000),
(1286, 'MARIA CRISTINA COLORADO POSADA', 4550000),
(1287, 'JUAN DAVID RIVAS CASARRUBIA', 4550000),
(1288, 'JONATAN ESTIVEN GUATARILLA GARCIA', 4550000),
(1289, 'CRISTIAN CAMILO MAYA RESTREPO', 4550000),
(1290, 'ELKIN  ALFONSO SOLANO  MONTOYA', 4550000),
(1291, 'MARIA DEL ROSARIO   CARDENAS CORONEL', 4550000),
(1292, 'LUIS CARLOS JOJOA ROJAS', 4550000),
(1293, 'ANDRE  DA SILVA COSTA  ', 4550000),
(1294, 'YINA MARGARITA ORTEGA YAMA', 4550000),
(1295, 'REINEL ANTONIO JAIME GONZALEZ', 4550000),
(1296, 'CAMILO LEONARDO VARGAS MONROY', 4550000),
(1297, 'FREYDI NELSON SANABRIA TIJO', 4550000),
(1298, 'JORGE ARMANDO PEREIRA RINALDY', 4550000),
(1299, 'MANUEL ALBERTO PINO VARGAS', 4550000),
(1300, 'SERGIO ANDRES RESTREPO GIL', 4550000),
(1301, 'JORGE ELIECER HERNANDEZ PUENTES', 4550000),
(1302, 'OMAR LUIS PEREZ   PEREZ NU?EZ', 4550000),
(1303, 'JUNIOR ROBERTO LLORENTE PEREIRA', 4550000),
(1304, 'LILIANA PATRICIA MORENO JIMENEZ', 4550000),
(1305, 'HAROLD  LUCUMI GOMEZ', 4550000),
(1306, 'LUZ HELIDA DUARTE TORRES', 4550000),
(1307, 'NORLENIS DEL CARMEN   ARROYO CHAVES', 4550000),
(1308, 'SONIA JANETH GOMEZ SALAZAR', 4550000),
(1309, 'ANDERSON  BARRERA VALENCIA', 4550000),
(1310, 'ANDRES ROGELIO CASTRO ARBELAEZ', 4550000),
(1311, 'DIANA MARCELA AGUDELO GIL', 4550000),
(1312, 'DUVAN ARLEY VELEZ BEDOYA', 4550000),
(1313, 'JUAN GUILLERMO RIVERA GONZALES', 4550000),
(1314, 'LINA MARIA MARIN MORALES', 4550000),
(1315, 'YOSIMAR  ABAD TABORDA', 2200000),
(1316, 'CARLOS ALBERTO ALVARADO PUENTES', 2200000),
(1317, 'JOSE ARISTIDES DIAZ ROJAS', 2200000),
(1318, 'JOSE LUIS VELEZ ZAPATA', 2200000),
(1319, 'ERIKA PATRICIA REALES RODRIGUEZ', 2200000),
(1320, 'CAMILO ANDRES COQUECO RIVERA', 2200000),
(1321, 'KELLY ANDREA SANTACRUZ DUCUARA', 2200000),
(1322, 'MARIA DAISSY RENDON LOPEZ', 2200000),
(1323, 'SANDRA LILIANA SOGAMOSO CONDE', 2200000),
(1324, 'VICTOR ALFONSO PEREZ AVILA', 2200000),
(1325, 'CESAR AUGUSTO PUERTA ', 2200000),
(1326, 'YONEIDE  CHEZAR BOLA?OS', 2200000),
(1327, 'STEVECH EDUARDO ZAPATA MEJIA', 2200000),
(1328, 'RIGOBERTO  LOPEZ ARBOLEDA', 2200000),
(1329, 'NORMA MILENA BARRIGA RAMIREZ', 2200000),
(1330, 'LUZ ENITH BALBIN LONDO?O', 2200000),
(1331, 'JOSE NICOLAS HOYOS MENDOZA', 2200000),
(1332, 'YINA PAOLA RAMOS GUERRA', 2200000),
(1333, 'HARVI ANDRES CUELLAR DAZA', 2200000),
(1334, 'ARLEY EDUARDO ORTEGA CANO', 2200000),
(1335, 'ALEXANDER DE JESUS   JARAMILLO ALVAREZ', 2200000),
(1336, 'ESMIDT JOHANA RODRIGUEZ MADRIGAL', 2200000),
(1337, 'MARYDI  LOTERO MENDOZA', 2200000),
(1338, 'FANY ESPERANZA CARO ALVAREZ', 2200000),
(1339, 'DAVID FERNANDO RUIZ ALVAREZ', 2200000),
(1340, 'JONATHAN ALBERTO SEPULVEDA CHICA', 2200000),
(1341, 'ROLANDO  DELGADO CORTES', 2200000),
(1342, 'NANCY ISABEL BUENDIA RIVERA', 2200000),
(1343, 'ANA CAROLINA FERNANDEZ ', 2200000),
(1344, 'JHON FREDY LOPEZ PATI?O', 2200000),
(1345, 'SINIA PATRICIA CORREA VASQUEZ', 2200000),
(1346, 'JAILA YOLIMA CABEZAS RIASCOS', 2200000),
(1347, 'JESUS DAVID SALINAS CAISARA', 2200000),
(1348, 'JUAN PABLO MONSALVE RIOS', 2200000),
(1349, 'DIEGO ALEXANDER HERNANDEZ LOPEZ', 2200000),
(1350, 'SERGIO ALEJANDRO DELGADO GONZALEZ', 2200000),
(1351, 'LUZ MARY ORTIZ ORTIZ', 2200000),
(1352, 'MARCIA SUSANA GOMEZ ', 2200000),
(1353, 'LAURA KATALINA ZAMORA MONCALEANO', 2200000),
(1354, 'JOSE ANDRES VELASQUEZ ZAMBRANO', 2200000),
(1355, 'EDISON  ALVAREZ PENAGOS', 2200000),
(1356, 'EMYLEYDY  PALACIOS PALACIOS', 2200000),
(1357, 'IVAN ANTONIO FINAMORES CAUSADO', 2200000),
(1358, 'JAVIER GUILLERMO FUENTES PE?A', 2200000),
(1359, 'JORGE LUIS OROZCO NI?O', 2200000),
(1360, 'CRISTIAN CAMILO RENDON TRIANA', 2200000),
(1361, 'RICARDO ERNESTO DIAZ SEPULVEDA', 2200000),
(1362, 'EDISON FAURICIO ALVAREZ SALAMANCA', 2200000),
(1363, 'JUAN SEBASTIAN GUTIERREZ REYES', 2200000),
(1364, 'FREY DARIO DORIA DIAZ', 2200000),
(1365, 'EIDY YANIRE MENDOZA MORENO', 2200000),
(1366, 'MIGUEL DARIO GARCIA LOPEZ', 2200000),
(1367, 'SERGIO LUIS NI?O MONSALVE', 2200000),
(1368, 'DIANA MARCELA OLIVERO CONTRERAS', 2200000),
(1369, 'ELMER WILLINGTON SEPULVEDA GIL', 2200000),
(1370, 'CARMEN ELENA LUGO ALVAREZ', 2200000),
(1371, 'DAVID ALEXANDER LOAIZA DIAZ', 2200000),
(1372, 'RONAL OSWALDO GOMEZ SILVA', 2200000),
(1373, 'EDWARD FELIPE DURAN MARTINEZ', 2200000),
(1374, 'JENNY CAROLINA SUAREZ AGUDELO', 2200000),
(1375, 'NATHALI  SANCHEZ ROZO', 2200000),
(1376, 'OCTAVIO ANDRES GRIMALDO GOMEZ', 2200000),
(1377, 'JUAN CAMILO MU?OZ MEJIA', 2200000),
(1378, 'NATALI ANDREA RAMOS SERNA', 2200000),
(1379, 'VICTOR FERNANDO RINCON VERGARA', 2200000),
(1380, 'MISAEL  PINZON REYES', 2200000),
(1381, 'GLORIA ESPERANZA ALFONSO SOSA', 2200000),
(1382, 'WILLINTON HERNANDO ARENAS MORA', 2200000),
(1383, 'JHON ARMANDO OLIVO POLO', 2200000),
(1384, 'FERNEY ALEXANDER ACEVEDO PE?A', 2200000),
(1385, 'FREDDY ALEXANDER PORTILLO CASTELLANOS', 2200000),
(1386, 'CARINE ANDREA SANCHEZ OCAMPO', 2200000),
(1387, 'JAIR  CASTILLO CAICEDO', 2200000),
(1388, 'MAYERLY  HEREDIA ALMANZA', 2200000),
(1389, 'DIANA CAROLINA ORTIZ ESTRADA', 2200000),
(1390, 'FIDEL ANTONIO PEREZ CAUSIL', 2200000),
(1391, 'FERNANDO LUIS PASTRANA QUINTERO', 2200000),
(1392, 'JHON ALEXANDER RODRIGUEZ NORE?A', 2200000),
(1393, 'JHON  ROJAS PRIETO', 2200000),
(1394, 'DEIBY YEISON GARCIA LEON', 2200000),
(1395, 'LUZ AIDA GOMEZ JARAMILLO', 2200000),
(1396, 'JUAN CAMILO RIOS OCAMPO', 2200000),
(1397, 'JOHAN ENRIQUE ORTIZ ESCALANTE', 2200000),
(1398, 'EDINSON  CELIS TOSCANO', 2200000),
(1399, 'ELIZABETH  SEPULVEDA ', 2200000),
(1400, 'ALEX DE JESUS   GUEVARA CONTRERAS', 2200000),
(1401, 'LENIS LUZ LEGARDA BETANCUR', 2200000),
(1402, 'CARLOS ALFONSO MORENO ROBALLO', 2200000),
(1403, 'DEYVIS JESUS SIMARRA PEREZ', 2200000),
(1404, 'LINA MARCELA DEVIA VINAZCO', 2200000),
(1405, 'DAYIRIS ESTHER TAMAYO CUADROS', 2200000),
(1406, 'MICHAEL FABIAN RODRIGUEZ FRANCO', 2200000),
(1407, 'MONICA ANDREA RODRIGUEZ GARCIA', 2200000),
(1408, 'JAVIER  MOSQUERA CORDOBA', 2200000),
(1409, 'EDGAR DARIO PACHECO OSUNA', 2200000),
(1410, 'JHAN CARLOS STIVEN   BARRETO SILVA', 2200000),
(1411, 'LEIDY CRISTINA MARTINEZ MEJIA', 2200000),
(1412, 'RUBEN ANTONIO HERNANDEZ HERNANDEZ', 2200000),
(1413, 'RENSON  GARCIA BOLA?OS', 2200000),
(1414, 'MARISELA  MENDOZA RIVAS', 2200000),
(1415, 'DIEGO AUGUSTO JIMENEZ NAVARRO', 2200000),
(1416, 'ANDRES FELIPE HERNANDEZ CHAVARRO', 2200000),
(1417, 'ADRIANA PATRICIA ROCHA FERNANDEZ', 2200000),
(1418, 'ERDWIN JAMEL VARGAS CARDONA', 2200000),
(1419, 'JUAN DAVID PULGARIN PANIAGUA', 2200000),
(1420, 'HERNAN GREGORIO GOMEZ LENGUA', 2200000),
(1421, 'NILSON  ANGULO BANGUERA', 2200000),
(1422, 'DARLY MARIA CALLE ARROYO', 2200000),
(1423, 'ELAISER GONZALO FERNANDEZ PIANETA', 2200000),
(1424, 'MARIA  WUITER SANCHEZ  MACIAS ', 2200000),
(1425, 'DIEGO FERNANDO BUITRAGO PERDOMO', 2200000),
(1426, 'LUZ ELENA CARDENAS LLORENTE', 2200000),
(1427, 'MANUEL DARIO SANTIAGO MATUS', 2200000),
(1428, 'DIEGO ARMANDO HORMECHEDA OJEDA', 2200000),
(1429, 'BRAYAN JAVIER ORTEGA LEIVA', 2200000),
(1430, 'ANDRES FELIPE GOMEZ CUARTAS', 2200000),
(1431, 'MARTHA INES PINEDA GAMBOA', 2200000),
(1432, 'ROBINSON  SERNA LOAIZA', 2200000),
(1433, 'JAVID  LOPEZ FALCO', 2200000),
(1434, 'ANDRES FELIPE AGUDELO ', 2200000),
(1435, 'DIANA JOHANA BERMUDEZ BERMUDEZ', 2200000),
(1436, 'EDWIN ANDRES PIEDRAHITA CASTA?O', 2200000),
(1437, 'ELVIS  SALGUEDO GOMEZ', 2200000),
(1438, 'FRICZY MAYERLI VIVAS TRIANA', 2200000),
(1439, 'SAMIR ANTONIO SANCHEZ CARMONA', 2200000),
(1440, 'YOLANDA  TIMANA TIMANA', 2200000),
(1441, 'HERNAN DARIO MESA GIRALDO', 2200000),
(1442, 'JORGE ELIAS UYABAN SANDOVAL', 2200000),
(1443, 'JORGE ELIECER BERNAL DUSSAN', 2200000),
(1444, 'JUAN CAMILO MACIAS ALVAREZ', 2200000),
(1445, 'KAREN MAHERLY GOMEZ ARIAS', 2200000),
(1446, 'CESAR AUGUSTO ROJAS GALLO', 2200000),
(1447, 'YOLANDA  DIAZ SANCHEZ', 2200000),
(1448, 'ELVA FELISA CACERES IBARGUEN', 2200000),
(1449, 'LILIAN ROCIO RENTERIA MORENO', 2200000),
(1450, 'DIANA PAOLA SANTANA ROMERO', 2200000),
(1451, 'DEICY SOFIA CARVAJAL GUERRA', 2200000),
(1452, 'EVER LUIS HUMANEZ TUIRAN', 2200000),
(1453, 'YONIS SANTIAGO MEZA DIAZ', 2200000),
(1454, 'NESTOR JOSE BENAVIDES ROJAS', 2200000),
(1455, 'ANA MILETH POLO GAVIRIA', 2200000),
(1456, 'JORGE LUIS BELTRAN MALDONADO', 2200000),
(1457, 'DANY DANIEL PEREZ FERIA', 2200000),
(1458, 'MARY LUZ BALDOVINO ORTEGA', 2200000),
(1459, 'JUAN FERNANDO RODRIGUEZ PUERTA', 2200000),
(1460, 'MAILEN YULIANA OSUNA BALLESTAS', 2200000),
(1461, 'JUAN DAVID ZAPATA GALEANO', 2200000),
(1462, 'CARLOS ALBERTO DIAZ TAMARA', 2200000),
(1463, 'JASSIR ENRIQUE DONADO RACEDO', 2200000),
(1464, 'IVAN GUILLERMO MORANTES PERICO', 2200000),
(1465, 'JAIRO ALBERTO GARCIA VALENCIA', 2200000),
(1466, 'ANISLEY  OVIEDO PI?ERES', 2200000),
(1467, 'YURI ROCIO ARCINIEGAS PELAEZ', 2200000),
(1468, 'DINA LUZ PEREZ NAVARRO', 2200000),
(1469, 'HENRY ANDRES NIETO BOLIVAR', 2200000),
(1470, 'JUAN DIEGO RODRIGUEZ TORRES', 2200000),
(1471, 'JOHN JAIRO OSPINA ALVAREZ', 2200000),
(1472, 'GENNADY  MARQUEZ FIERRO', 2200000),
(1473, 'DARIO ENRIQUE MARRIAGA JARAMILLO', 2200000),
(1474, 'ANDRES  TORRES ', 2200000),
(1475, 'SERGIO  TORRES ', 2200000),
(1476, 'JORGE LUIS MARTINEZ ESCOBAR', 2200000),
(1477, 'LUIS MIGUEL PEREZ CASARRUBIA', 2200000),
(1478, 'NORBEY ARTURO GIRALDO NORE?A', 2200000),
(1479, 'LINA MARCELA YEPES GIL', 2200000),
(1480, 'ELKIN ANTONIO MONRROY BOSSIO', 2200000),
(1481, 'EDWIN  GAVIRIA BALLESTEROS', 2200000),
(1482, 'EFREN  TABARES ALZATE', 2200000),
(1483, 'VICTOR ALFONSO MARCHENA MENODZA', 2200000),
(1484, 'HENRY EDUARDO ORJUELA GARCIA', 2200000),
(1485, 'JUAN DAVID SERNA RENDON', 2200000),
(1486, 'ALEJANDRA  GONZALES HERRERA', 2200000),
(1487, 'JHON DAVID VILLABONA GUERRERO', 2200000),
(1488, 'JAVIER ALEXANDER MARIN DUQUE', 2200000),
(1489, 'CLAUDIA PATRICIA CACERES FONSECA', 2200000),
(1490, 'JULIAN ANDRES LLANOS LOPEZ', 2200000),
(1491, 'MILDRED CAROLINA ROLON RIOS', 2200000),
(1492, 'EDITH JOHANA ORTIZ NAVARRO', 2200000),
(1493, 'CESAR  ACOSTA DE LA ROSA ', 2200000),
(1494, 'CRISTIAN CAMILO YEPES SIMANCA', 2200000),
(1495, 'BRINER DOMINGO MARTINEZ GUZMAN', 2200000),
(1496, 'FABIO NELSON GAVIRIA ARDILA', 2200000),
(1497, 'LEIDY JHOANA MONA MONA', 2200000),
(1498, 'JEY  SOLIS SOLIS', 2200000),
(1499, 'CARLOS ENRIQUE TORRES SANGUINO', 2200000),
(1500, 'LUZ MARY HOYOS PERDOMO', 2200000),
(1501, 'JOSE WILDER LOPEZ RAMIREZ', 2200000),
(1502, 'CLAUDIA MILENA GARCIA GONZALEZ', 2200000),
(1503, 'GERMAN ALONSO CORTES MADRID', 2200000),
(1504, 'MARIA ISABEL JAIMES BALLESTEROS', 2200000),
(1505, 'ALBEIRO  OLARTE RUIZ', 2200000),
(1506, 'VICTOR ALFONSO VELEZ MARIN', 2200000),
(1507, 'MONICA ISABEL FILOTT CARREAZO', 2200000),
(1508, 'ANDERSON  TABORDA MARIN', 2200000),
(1509, 'CARINA  RENGIFO LARGACHA', 2200000),
(1510, 'ANDRES  CARMONA GUZMAN', 2200000),
(1511, 'TATIANA  QUINTERO ', 2200000),
(1512, 'YULIANA ANDREA SANCHEZ MU?OZ', 2200000),
(1513, 'ALFONSO  MONTEALEGRE VARGAS', 2200000),
(1514, 'CARLOS ANDRES MORALES MU?OZ', 2200000),
(1515, 'CESAR ORLANDO REYES MARIN', 2200000),
(1516, 'EDISSON  GARZON RAMIREZ', 2200000),
(1517, 'LUZ DARYS AMAYA SIERRA', 2200000),
(1518, 'LUCY MARGOT ROBLEDO CHAVERRA', 2200000),
(1519, 'GERMAN ALBERTO PALACIO OCAMPO', 2200000),
(1520, 'UBALDO  PRIETO ROJAS', 2200000),
(1521, 'MERLY TATIANA MONSALVE GARCIA', 2200000),
(1522, 'FERMIN ANTONIO ORTEGA SALGADO', 2200000),
(1523, 'NATALY CRISTINA MUNOZ PATINO', 2200000),
(1524, 'YENNY PATRICIA BELTRAN CASTRO', 2200000),
(1525, 'MAURICIO DE JESUS   BERMUDEZ HERNANDEZ', 2200000),
(1526, 'JOSE LUIS MARTINEZ ', 2200000),
(1527, 'JORGE ANDRES GARCIA ERAZO', 2200000),
(1528, 'JOSE JHON FABER   CORTEZ MARTINEZ', 2200000),
(1529, 'NESTOR ALFONSO TORRES MORENO', 2200000),
(1530, 'LUIS ALBERTO VALENCIA ROSAS', 2200000),
(1531, 'CARLOS ALBERTO LOPEZ MOLINA', 2200000),
(1532, 'CARLOS HUMBERTO SANTA CONTRERAS', 2200000),
(1533, 'BRANDO  BRAVO TASCON', 2200000),
(1534, 'JONATHAN ALEXANDER NOVA QUINTERO', 2200000),
(1535, 'NORALBA CENEYDA SALAZAR ', 2200000),
(1536, 'JOSE MANUEL MARRUGO REDONDO', 2200000),
(1537, 'HELBETH JAVIER PARDO CIFUENTES', 2200000),
(1538, 'ANTONIO ADOLFO GONZALEZ ', 2200000),
(1539, 'YEISON LUCIANO MORENO AGUDELO', 2200000),
(1540, 'PABLO ESTEBAN ORREGO ATEHORTUA', 2200000),
(1541, 'EDWIN YIOVANI RUIZ PUERTA', 2200000),
(1542, 'JUAN PABLO MARIN PI?ERES', 2200000),
(1543, 'YULIANA  AGUDELO SANCHEZ', 2200000),
(1544, 'JHON HENRRY PADILLA ', 2200000),
(1545, 'JOHNATAN  CADAVID SALDARRIAGA', 2200000),
(1546, 'FABIO ANDRES RAMIREZ ', 2200000),
(1547, 'LUIS FERNANDO TAMAYO HERRERA', 2200000),
(1548, 'JUAN DAVID RAMIREZ TAMAYO', 2200000),
(1549, 'JAVID  JAIME VERGEL', 2200000),
(1550, 'CARLOS ARTURO TOLOZA ORTEGA', 2200000),
(1551, 'IVAN DARIO HERNANDEZ PALECHOR', 2200000),
(1552, 'JUAN CAMILO ARISTIZABAL QUIROZ', 2200000),
(1553, 'KAREN MARGARITA FONTALVO TRUYOL', 2200000),
(1554, 'ADRIANA MARCELA CORREDOR SERRANO', 2200000),
(1555, 'ERWIIN  GUTIERREZ QUINTERO', 2200000),
(1556, 'MANUEL FERNANDO ERAZO ROSERO', 2200000),
(1557, 'JOSE ATILANO RIVAS OCAMPO', 2200000),
(1558, 'NATALY  PULIDO GARZON', 2200000),
(1559, 'JOSE LUIS RODRIGUEZ GONZALEZ', 2200000),
(1560, 'IVAN HUMBERTO MOJICA CONTRERAS', 2200000),
(1561, 'CARLOS ALFONSO RUEDA CRUZ', 2200000),
(1562, 'CRISTIAN CAMILO ESTRADA VASC0', 2200000),
(1563, 'PABLO ARTURO CARRILLO CORZO', 2200000),
(1564, 'MILTON HAROLD BETANCUR ROJAS', 2200000),
(1565, 'ERIKA LILIANA PEREZ RUEDA', 2200000),
(1566, 'JESUS SAIR HERNANDEZ RUEDA', 2200000),
(1567, 'JESUS MARIA MENDEZ VARGAS', 2200000),
(1568, 'MARIA CECILIA PEREZ GUERRERO', 2200000),
(1569, 'CRISTIAN CAMILO HENAO MENDOZA', 2200000),
(1570, 'RAFAEL DAVID MU?OZ CONTRERAS', 2200000),
(1571, 'VICTOR ALFONSO ROJAS OSPINA', 2200000),
(1572, 'HERIBERTO ALONSO OJEDA CARBONO', 2200000),
(1573, 'LILIANA  OCAMPO LONDO?O', 2200000),
(1574, 'ANGELY  BRAVO NU?EZ', 2200000),
(1575, 'DIEGO  LOPEZ VALENCIA', 2200000),
(1576, 'YURI ANDREA OSPINA GARCES', 2200000),
(1577, 'YEISON  ALZATE QUINTERO', 2200000),
(1578, 'LUIS CLEMENTE GAFARO CASTRO', 2200000),
(1579, 'LUIS ANGEL BELE?O RICARDO', 2200000),
(1580, 'JHON JAIRO RONDON ', 2200000),
(1581, 'WILSON ANDRES HIDALGO GUTIERREZ', 2200000),
(1582, 'JALIN JAVIER PONCE DIAZ', 2200000),
(1583, 'JULIETH JOHANA LOPEZ CALDERON', 2200000),
(1584, 'JOHAN HERNAN CORREA JARAMILLO', 2200000),
(1585, 'JOSE DAVID RODRIGUEZ OLMOS', 2200000),
(1586, 'MARIA DE JESUS   GOMEZ DUQUE', 2200000),
(1587, 'CRISTIAN MAURICIO RENDON LOPEZ', 2200000),
(1588, 'BRAULIO ALFONSO BONILLA GUERRERO', 2200000),
(1589, 'MARIA DEL CARMEN   JIMENEZ ', 2200000),
(1590, 'NILTON ALEJANDRO CASTA?O GUISAO', 2200000),
(1591, 'MONICA MARIA COLONIA MARQUEZ', 2200000),
(1592, 'LINA MARCELA VERGARA PEREZ', 2200000),
(1593, 'JOAQUIN SEGUNDO ESQUEA CANTILLO', 2200000),
(1594, 'CARMEN VICTORIA MARTINEZ CACERES', 2200000),
(1595, 'DIANA ISABEL MARTINEZ VELASQUEZ', 2200000),
(1596, 'DIEGO ALEXANDER LUJAN ', 2200000),
(1597, 'DIEGO ALONSO BARRERA LOPERA', 2200000),
(1598, 'MARIA YUSED AGUDELO ', 2200000),
(1599, 'RAFAEL ANDRES HUERTAS MONTES', 2200000),
(1600, 'FLOR ALBA DURAN PINZON', 2200000),
(1601, 'BERNAY ALEXANDER RANGEL ROJAS', 2200000),
(1602, 'LEONEL  BARON CORREA', 2200000),
(1603, 'ADEL MANUEL ROMERO GONZALEZ', 2200000),
(1604, 'JOHEDIS MICHEL CHARRIS GUTIERREZ', 2200000),
(1605, 'ANGELA PATRICIA VERGARA MORALES', 2200000),
(1606, 'DARWIN YESID MARTINEZ AREVALO', 2200000),
(1607, 'HARRISON  GONZALEZ ALARCON', 2200000),
(1608, 'SANDRA MILENA ECHEVERRI GIL', 2200000),
(1609, 'NESTOR JAIR ZAMBRANO BARBOSA', 2200000),
(1610, 'JORGE ANDERSON DELGADO TORRES', 2200000),
(1611, 'CARLOS ALBERTO DIAZ CHACON', 2200000),
(1612, 'MIGUEL ANGEL RUBIO QUI?ONES', 2200000),
(1613, 'PABLO CESAR ORTEGA VILLAMIZAR', 2200000),
(1614, 'JAVIER ALOSON PE?A CAUSIL', 2200000),
(1615, 'MARCOS EDUARDO DEL VALLE  DE LA ROSA MARTINEZ ', 2200000),
(1616, 'ANDRES MAURICIO GUERRA CHAVARRIA', 2200000),
(1617, 'LEYDI JOHANA CORTAZAR TAPIERO', 2200000),
(1618, 'SANDRA MILENA OSPINA BETANCUR', 2200000),
(1619, 'RAMIRO  RENDON CASTA?O', 2200000),
(1620, 'JOSFFMAN  DE GROOT CABARCAS  ', 1850000),
(1621, 'JORGE ARMANDO PINEDA AGUASACO', 1850000),
(1622, 'ARLENY CAROLINA VARGAS LOZADA', 1850000),
(1623, 'DINA CONSUELO CRUZ RODRIGUEZ', 1850000),
(1624, 'ELI MARIA LADEUS CARRASCO', 1850000),
(1625, 'JULIO ENRIQUE GARCIA VEGA', 1850000),
(1626, 'JUAN BAUTISTA BALLESTEROS CHANTACA', 1850000),
(1627, 'JORGE DAVID ACU?A HERRERA', 1850000),
(1628, 'GRICELDA  CABARCAS TOVAR', 1850000),
(1629, 'ANTONIO JOSE RIOS PINEDO', 1850000),
(1630, 'VICTOR ALFONSO CUESTA MENDOZA', 1850000),
(1631, 'JHON BAIRON AROLLAVE ESPINAL', 1850000),
(1632, 'RUBEN DARIO MARIN VERGARA', 1850000),
(1633, 'VICTOR ALFONSO AMADO RODRIGUEZ', 1850000),
(1634, 'JUAN SEBASTIAN ESPINAL LOPEZ', 1850000),
(1635, 'MABEL CAROLINA DUARTE VILLAMIZAR', 1850000),
(1636, 'WILMAR ALBERTO ESTRADA ESCOBAR', 1850000),
(1637, 'ROSA DELIA VELANDIA VELANDIA', 1850000),
(1638, 'MARIA ISABEL SANABRIA AGUDELO', 1850000),
(1639, 'JHON JANER DELGADO JARAMILLO', 1850000),
(1640, 'GUSTAVO ANDR?S OCAMPO ', 1850000),
(1641, 'JULIETH ANDREA MAYA AMAYA', 1850000),
(1642, 'LINA  GONZALEZ LOAIZA', 1850000),
(1643, 'OLGA LUCIA CARVAJAL AYALA', 1850000),
(1644, 'JOHN ALEXANDER BARRERA PARADA', 1850000),
(1645, 'MARYURI  QUEVEDO PERILLA', 1850000),
(1646, 'YHON JAIRO MORALES ACOSTA', 1850000),
(1647, 'YOHAN SEBASTIAN CHAVARRIAGA ORTIZ', 1850000),
(1648, 'BIBIANA PATRICIA VARGAS SANPEDRO', 1850000),
(1649, 'ANDRES CAMILO JIMENEZ ZAPATA', 1850000),
(1650, 'ANA DEYCI ANGULO VIVEROS', 1850000),
(1651, 'VICTOR ALFONSO CASTRO QUINTERO', 1850000),
(1652, 'VICTOR ALFONSO URREGO SAAVEDRA', 1850000),
(1653, 'JONATHAN  TORRES MERCHAN', 1850000),
(1654, 'JORGE ASDRUVAL MARIACA SERNA', 1850000),
(1655, 'LUZ MIREYA OSPINA FAJARDO', 1850000),
(1656, 'MARELIS  MARTINEZ MANJARREZ', 1850000),
(1657, 'ELDER ANTONIO CASTILLO CORONADO', 1850000),
(1658, 'LUIS ALEJANDRO MACHUCA LEON', 1850000),
(1659, 'JUAN PABLO MURILLO BALAGUERA', 1850000),
(1660, 'DANILO ALEXIS BETANCUR LOAIZA', 1850000),
(1661, 'MARITSA DEL CARMEN   ROA CHAVERR', 1850000),
(1662, 'NATALIA  GOMEZ VELARDE', 1850000),
(1663, 'WILLIAM ENRIQUE LOPEZ CONTRERAS', 1850000),
(1664, 'CARLOS ANDRES DUQUE URIBE', 1850000),
(1665, 'VICTOR ALFONSO FERIA RAMOS', 1850000),
(1666, 'MERLEIDA  ALVARADO CAPACHERO', 1850000),
(1667, 'HECTOR ANTONIO CARO AGUDELO', 1850000),
(1668, 'ESTEVESON JOSE SANTAFE CASTRO', 1850000),
(1669, 'RAFAEL RICARDO MORENO CORREA', 1850000),
(1670, 'ADIER ANTONIO ORTEGA HOYOS', 1850000),
(1671, 'JHONATAN  CASTILLO ARBOLEDA', 1850000),
(1672, 'SANDRA MILENA HERRERA GONZALEZ', 1850000),
(1673, 'YIMY OSVALDO MUNERA YEPEZ', 1850000),
(1674, 'MARCELA INES NUSTES ', 1850000);

-- --------------------------------------------------------

--
-- Estructura de tabla para la tabla `entidades_cred`
--

CREATE TABLE `entidades_cred` (
  `id_entidad` int(11) NOT NULL,
  `nombre_entidad` varchar(30) NOT NULL
) ENGINE=InnoDB DEFAULT CHARSET=latin1;

--
-- Volcado de datos para la tabla `entidades_cred`
--

INSERT INTO `entidades_cred` (`id_entidad`, `nombre_entidad`) VALUES
(1, 'Cooperativa Minuto de Dios'),
(2, 'Icetex'),
(3, 'Otros');

-- --------------------------------------------------------

--
-- Estructura de tabla para la tabla `estudiantes`
--

CREATE TABLE `estudiantes` (
  `Id_Estudiante` int(11) NOT NULL,
  `Nombre` varchar(100) NOT NULL,
  `Estrato` int(20) NOT NULL,
  `Id_Carrera` int(20) NOT NULL,
  `Tipo_Estudiante` varchar(50) NOT NULL,
  `Ingresos_Estudiante` int(100) NOT NULL,
  `Id_Deudor` int(20) NOT NULL,
  `Id_sedes` int(20) NOT NULL,
  `Id_TipoPago` int(50) NOT NULL,
  `Id_Programa` int(50) NOT NULL,
  `Valor_matricula` int(50) NOT NULL,
  `id_entidad` int(11) NOT NULL
) ENGINE=InnoDB DEFAULT CHARSET=utf16;

--
-- Volcado de datos para la tabla `estudiantes`
--

INSERT INTO `estudiantes` (`Id_Estudiante`, `Nombre`, `Estrato`, `Id_Carrera`, `Tipo_Estudiante`, `Ingresos_Estudiante`, `Id_Deudor`, `Id_sedes`, `Id_TipoPago`, `Id_Programa`, `Valor_matricula`, `id_entidad`) VALUES
(1, 'MARIA  BERTILDA ROJAS  UPEGUI', 3, 12, 'Antiguo', 2100000, 1, 3, 2, 2, 2800000, 0),
(2, 'JOHAN ARLEY AYA TORRES', 2, 10, 'Antiguo', 130000, 2, 1, 1, 2, 3550000, 1),
(3, 'JHONNY ALEJANDRO RODRIGUEZ YEPEZ', 2, 9, 'Antiguo', 130000, 3, 1, 1, 2, 3900000, 3),
(4, 'VICTORIA  NAVARRO MASS', 4, 16, 'Antiguo', 1200000, 4, 2, 2, 2, 3170000, 0),
(5, 'LUIS ESTEBAN LOPEZ CUADRADO', 3, 12, 'Antiguo', 2100000, 5, 3, 2, 2, 2800000, 0),
(6, 'YAN CARLOS BARRIENTOS RUEDA', 4, 17, 'Antiguo', 1200000, 6, 2, 2, 2, 2780000, 0),
(7, 'ALEJANDRO DE JESUS   RESTREPO GARCES', 2, 1, 'Antiguo', 850000, 7, 2, 1, 2, 3500000, 3),
(8, 'LIAM JOSUE GUILLOT VELASQUEZ', 3, 11, 'Antiguo', 2100000, 8, 3, 2, 2, 3500000, 0),
(9, 'SHAIRA VANESSA MURILLO ', 4, 15, 'Antiguo', 2600000, 9, 3, 2, 2, 4800000, 0),
(10, 'YUNDERLYS STHEFANNIA DIAZ MERCADO', 4, 19, 'Antiguo', 1200000, 10, 2, 2, 2, 2450000, 0),
(11, 'MARIA ISABELLA PARRA VALENCIA', 3, 12, 'Antiguo', 2100000, 11, 3, 2, 2, 2800000, 0),
(12, 'KENNEN JOSUE NAVARRO ROMERO', 3, 11, 'Antiguo', 2100000, 12, 3, 2, 2, 3500000, 0),
(13, 'JUAN DAVID MUNERA MURIEL', 3, 10, 'Antiguo', 2100000, 13, 3, 2, 2, 3550000, 0),
(14, 'SARA MARIA GARZON GALLO', 4, 15, 'Antiguo', 2600000, 14, 3, 2, 2, 4800000, 0),
(15, 'KARLA YULIANA MU?OZ CARRASCAL', 3, 11, 'Antiguo', 2100000, 15, 3, 2, 2, 3500000, 0),
(16, 'AVERY YUE RINCON SUAREZ', 2, 3, 'Antiguo', 850000, 16, 2, 1, 2, 3150000, 3),
(17, 'ANGEL DAVID BARAJAS ADOLIO', 2, 2, 'Antiguo', 850000, 17, 2, 1, 2, 3100000, 3),
(18, 'BRAYAN DARIO PATERNINA SUAREZ', 2, 3, 'Antiguo', 745000, 18, 2, 1, 2, 3150000, 3),
(19, 'MILAGRO  MONTIEL MARTINEZ', 3, 13, 'Antiguo', 2600000, 19, 3, 2, 2, 2200000, 0),
(20, 'MARYAM SOFIA VELANDIA ', 3, 13, 'Antiguo', 2100000, 20, 3, 2, 2, 2200000, 0),
(21, 'HIJO DE ANGUIE YULLIETH  SIERRA MOLANO', 2, 7, 'Antiguo', 130000, 21, 1, 1, 2, 3500000, 3),
(22, 'BREYNER NEFTALI YAIMA QUEVEDO', 2, 3, 'Antiguo', 745000, 22, 2, 1, 2, 3150000, 3),
(23, 'KEVIN DAVID GALLEGO SIERRA', 3, 11, 'Antiguo', 2100000, 23, 3, 2, 2, 3500000, 0),
(24, 'NICOL SARAY QUINTERO OROZCO', 3, 13, 'Antiguo', 2600000, 24, 3, 2, 2, 2200000, 0),
(25, 'ORLENY  BLANQUICET PEREZ', 3, 14, 'Antiguo', 2600000, 25, 3, 2, 2, 2150000, 0),
(26, 'SIMON  TOLOZA MORA', 4, 16, 'Antiguo', 2600000, 26, 3, 2, 2, 3170000, 0),
(27, 'MIGUEL ANGEL LOPEZ OLIVEROS', 3, 13, 'Antiguo', 2600000, 27, 3, 2, 2, 2200000, 0),
(28, 'KEINER ALDEMAR RAMOS CALDERON', 3, 11, 'Antiguo', 2100000, 28, 3, 2, 2, 3500000, 0),
(29, 'ASLY MICHELLE LEAL VASQUEZ', 2, 3, 'Antiguo', 850000, 29, 2, 1, 2, 3150000, 3),
(30, 'ANDRES SANTIAGO FORERO PALLARES', 2, 2, 'Antiguo', 850000, 30, 2, 1, 2, 3100000, 2),
(31, 'ANDRIUS ALEJANDRO KANZLER GODOY', 2, 2, 'Antiguo', 850000, 31, 2, 1, 2, 3100000, 1),
(32, 'ANGEL DAVID MARTINEZ AGUDELO', 2, 2, 'Antiguo', 850000, 32, 2, 1, 2, 3100000, 3),
(33, 'JUAN DANIEL ORTIZ PASTRANA', 2, 10, 'Antiguo', 2100000, 33, 3, 1, 2, 3550000, 3),
(34, 'HIJO DE LUISA FERNANDA  PASTRANA ROMERO', 2, 7, 'Antiguo', 130000, 34, 1, 1, 2, 3500000, 2),
(35, 'MORA ALVAREZ JUAN DAVID', 3, 13, 'Antiguo', 2600000, 35, 3, 2, 2, 2200000, 0),
(36, 'ALISON XIMENA GUZMAN BERMUDEZ', 2, 1, 'Antiguo', 850000, 36, 2, 1, 2, 3500000, 1),
(37, 'ASHLEY CHARLOTTE MENDOZA ARDILA', 2, 3, 'Antiguo', 850000, 37, 2, 1, 2, 3150000, 3),
(38, 'GABRIELA  MARTINEZ FERNANDEZ', 2, 7, 'Antiguo', 130000, 38, 1, 1, 2, 3500000, 3),
(39, 'NELSON ANDRES TOVAR DIAZ', 3, 13, 'Antiguo', 2600000, 39, 3, 2, 2, 2200000, 0),
(40, 'EIDER ENRIQUE VARGAS ARENIS', 2, 6, 'Antiguo', 450000, 40, 2, 1, 2, 3450000, 1),
(41, 'ANA JULIETH OYUELA ', 2, 1, 'Antiguo', 850000, 41, 2, 1, 2, 3500000, 3),
(42, 'MATIAS  MORALES CANO', 3, 13, 'Antiguo', 2100000, 42, 3, 2, 2, 2200000, 0),
(43, 'DYLAN  VELASQUEZ AGUDELO', 2, 6, 'Antiguo', 450000, 43, 2, 1, 2, 3450000, 1),
(44, 'MILAR FERNANDO URUE?A QUINTERO', 3, 13, 'Antiguo', 2600000, 44, 3, 2, 2, 2200000, 0),
(45, 'SEBASTIAN ERNEL ROMERO ARREDONDO', 4, 15, 'Antiguo', 2600000, 45, 3, 2, 2, 4800000, 0),
(46, 'MIA VALERIA ZEA DUARTE', 3, 13, 'Antiguo', 2100000, 46, 3, 2, 2, 2200000, 0),
(47, 'JUAN CAMILO MURILLO OLARTE', 2, 10, 'Antiguo', 870000, 47, 2, 1, 2, 3550000, 1),
(48, 'JUAN ANDRES SIERRA CARDENAS', 2, 10, 'Antiguo', 870000, 48, 2, 1, 2, 3550000, 2),
(49, 'DARLEY MAXIMILIANO ALVAREZ HERNANDEZ', 2, 5, 'Antiguo', 450000, 49, 2, 1, 2, 2800000, 1),
(50, 'CHRISTOPHER DANIEL CIRO DAVID', 2, 4, 'Antiguo', 700000, 50, 2, 1, 2, 3450000, 0),
(51, 'MARIE MONICA MOYA GARCIA', 3, 13, 'Antiguo', 2100000, 51, 3, 2, 2, 2200000, 0),
(52, 'ANDRES SANTIAGO HINCAPIE HURTADO', 2, 2, 'Antiguo', 850000, 52, 2, 1, 2, 3100000, 2),
(53, 'EMANUEL ISAAC DIAZ LANCE', 2, 6, 'Antiguo', 450000, 53, 2, 1, 2, 3450000, 0),
(54, 'THIAGO  ZHAIR PALACIOS HINESTROZA', 4, 16, 'Antiguo', 1200000, 54, 2, 2, 2, 3170000, 0),
(55, 'THIAGO ZHAIR PALACIO HINESTROZA', 4, 16, 'Antiguo', 1200000, 55, 2, 2, 2, 3170000, 0),
(56, 'ERIKA CATALINA SERNA   ', 2, 6, 'Antiguo', 450000, 56, 2, 1, 2, 3450000, 0),
(57, 'EMILIANA  OSORNO MEDINA', 2, 6, 'Antiguo', 450000, 57, 2, 1, 2, 3450000, 0),
(58, 'MARIA ALEJANDRA CANO CIFUENTES', 3, 12, 'Antiguo', 2100000, 58, 3, 2, 2, 2800000, 0),
(59, 'VALERY YIZETH HERRERA HERRERA', 4, 16, 'Antiguo', 1200000, 59, 2, 2, 2, 3170000, 0),
(60, 'EMELY LUCIANA FLOREZ MAHECHA', 2, 6, 'Antiguo', 450000, 60, 2, 1, 2, 3450000, 0),
(61, 'DAVID FELIPE UMBA BARRAGAN', 2, 5, 'Antiguo', 450000, 61, 2, 1, 2, 2800000, 0),
(62, 'ALEJANDRO  TORRES TEJADA', 2, 1, 'Antiguo', 850000, 62, 2, 1, 2, 3500000, 0),
(63, 'DUVER ALEXIS ALVARADO BOHORQUEZ', 2, 6, 'Antiguo', 450000, 63, 2, 1, 2, 3450000, 0),
(64, 'EIMY YULIETH MEDINA CORREA', 2, 6, 'Antiguo', 450000, 64, 2, 1, 2, 3450000, 0),
(65, 'MARIA CLARA AGUDELO ZULUAGA', 3, 12, 'Antiguo', 2100000, 65, 3, 2, 2, 2800000, 0),
(66, 'JHON DEIVY ROGALLEGA PANTOJA', 2, 9, 'Antiguo', 130000, 66, 1, 1, 2, 3900000, 0),
(67, 'DULCE MARIA ZAPATA PALACIOS', 2, 6, 'Antiguo', 450000, 67, 2, 1, 2, 3450000, 0),
(68, 'GUADALUPE  TORO FERNANDEZ', 2, 7, 'Antiguo', 130000, 68, 1, 1, 2, 3500000, 0),
(69, 'JESUS DANIEL RODRIGUEZ MARTINEZ', 2, 9, 'Antiguo', 130000, 69, 1, 1, 2, 3900000, 0),
(70, 'SHAROL YICELL MONTALVO PACHECO', 4, 16, 'Antiguo', 2600000, 70, 3, 2, 2, 3170000, 0),
(71, 'ESTIBEN JESUS TUIRAN PATERNINA', 2, 7, 'Antiguo', 450000, 71, 2, 1, 2, 3500000, 0),
(72, 'DIEGO ANDRES ALARCON ESPITIA', 2, 5, 'Antiguo', 450000, 72, 2, 1, 2, 2800000, 0),
(73, 'MARIANA  LOPEZ QUIROZ', 3, 12, 'Antiguo', 2100000, 73, 3, 2, 2, 2800000, 0),
(74, 'SAILETH LUCIANA VEGA ROA', 4, 15, 'Antiguo', 2600000, 74, 3, 2, 2, 4800000, 0),
(75, 'CRISTIAN DAVID ARROYO SIMANCA', 2, 4, 'Antiguo', 700000, 75, 2, 1, 2, 3450000, 0),
(76, 'BRAYAN  PAREDES MONROY', 2, 3, 'Antiguo', 745000, 76, 2, 1, 2, 3150000, 0),
(77, 'LINDA LUCIA NOGUERA RAMOS', 3, 11, 'Antiguo', 2100000, 77, 3, 2, 2, 3500000, 0),
(78, 'HENYEL ARIADNA AGUDELO CARO', 2, 7, 'Antiguo', 130000, 78, 1, 1, 2, 3500000, 0),
(79, 'SEBASTIAN  LOAIZA LOPEZ', 4, 15, 'Antiguo', 2600000, 79, 3, 2, 2, 4800000, 0),
(80, 'ELIF MELEK KERGUELEN PULIDO', 2, 6, 'Antiguo', 450000, 80, 2, 1, 2, 3450000, 0),
(81, 'SOLIMAR ANTONELA CAMARGO PEREZ', 4, 16, 'Antiguo', 1200000, 81, 2, 2, 2, 3170000, 0),
(82, 'VALENTINO  SANCHEZ ZAPATA', 4, 16, 'Antiguo', 1200000, 82, 2, 2, 2, 3170000, 0),
(83, 'LUCIANA  VALENCIA RAMIREZ', 3, 12, 'Antiguo', 2100000, 83, 3, 2, 2, 2800000, 0),
(84, 'JOSE FERNANDO PARADA PATI?O', 2, 10, 'Antiguo', 870000, 84, 2, 1, 2, 3550000, 0),
(85, 'JHOJAN ALEXANDER SERNA BEDOYA', 2, 9, 'Antiguo', 130000, 85, 1, 1, 1, 3900000, 0),
(86, 'YUBER EMANUEL TELLO SILVA', 4, 19, 'Antiguo', 1200000, 86, 2, 2, 1, 2450000, 0),
(87, 'JUAN CAMILO FLOREZ GAVIRIA', 2, 10, 'Antiguo', 870000, 87, 2, 1, 1, 3550000, 0),
(88, 'HIJO DE MARINELA   SERNA BEDOYA', 2, 7, 'Antiguo', 130000, 88, 1, 1, 1, 3500000, 0),
(89, 'JUAN MATIAS MORA OROZCO', 3, 10, 'Antiguo', 2100000, 89, 3, 2, 1, 3550000, 0),
(90, 'ZORAIDA  MAJORE CHAMI', 4, 19, 'Antiguo', 1200000, 90, 2, 2, 1, 2450000, 0),
(91, 'ANGEL GABRIEL HERNANDEZ RIOS', 2, 2, 'Antiguo', 850000, 91, 2, 1, 1, 3100000, 0),
(92, 'THIAGO  MEJIA RODRIGUEZ', 4, 16, 'Antiguo', 1200000, 92, 2, 2, 1, 3170000, 0),
(93, 'LIAM MATEO CONTRERAS VEGA', 3, 11, 'Antiguo', 2100000, 93, 3, 2, 1, 3500000, 0),
(94, 'MARCUS  CONTRERAS MONTIEL', 3, 12, 'Antiguo', 2100000, 94, 3, 2, 1, 2800000, 0),
(95, 'MARIANA  DIAZ RODRIGUEZ', 3, 12, 'Antiguo', 2100000, 95, 3, 2, 1, 2800000, 0),
(96, 'MARTIN  MONTOYA LONDO?O', 3, 13, 'Antiguo', 2100000, 96, 3, 2, 1, 2200000, 0),
(97, 'SAMANTA  ZULUAGA NAVHA', 4, 15, 'Antiguo', 2600000, 97, 3, 2, 1, 4800000, 0),
(98, 'DULCE MARIA RAMIREZ ZAPATA', 2, 6, 'Antiguo', 450000, 98, 2, 1, 1, 3450000, 0),
(99, 'ANGEL MANUEL QUIROZ FARFAN', 2, 2, 'Antiguo', 850000, 99, 2, 1, 1, 3100000, 0),
(100, 'JEIDER EDUARDO ESCALANTE PIDIACHE', 2, 8, 'Antiguo', 130000, 100, 1, 1, 1, 3680000, 0),
(101, 'AKANE GISSELLE REBOLLEDO SANTANA', 2, 1, 'Antiguo', 850000, 101, 2, 1, 1, 3500000, 0),
(102, 'IVAN ANDRES ARIZA REYES', 2, 7, 'Antiguo', 130000, 102, 1, 1, 1, 3500000, 0),
(103, 'JUAN PABLO BLANQUICET PEREZ', 3, 10, 'Antiguo', 2100000, 103, 3, 2, 1, 3550000, 0),
(104, 'BETSY LILIANA ANAYA ROSELLON', 2, 3, 'Antiguo', 745000, 104, 2, 1, 1, 3150000, 0),
(105, 'JOSE ALEJANDRO COPETE MATEUS', 2, 10, 'Antiguo', 870000, 105, 2, 1, 1, 3550000, 0),
(106, 'MARIA ANTONIA MONTIEL BUELVAS', 3, 12, 'Antiguo', 2100000, 106, 3, 2, 1, 2800000, 0),
(107, 'WILMER DAVID MARIN SUAREZ', 4, 17, 'Antiguo', 1200000, 107, 2, 2, 1, 2780000, 0),
(108, 'MELANY  MOSQUERA ZAPATA', 3, 13, 'Antiguo', 2100000, 108, 3, 2, 1, 2200000, 0),
(109, 'EYMI THAZIARA LOPEZ LAUREANO', 2, 7, 'Antiguo', 450000, 109, 2, 1, 1, 3500000, 0),
(110, 'YOAN ALEJANDRO IBARGUE RENGIFO', 4, 19, 'Antiguo', 1200000, 110, 2, 2, 1, 2450000, 0),
(111, 'MARIA PAULINA MU?OZ MADRID', 3, 12, 'Antiguo', 2100000, 111, 3, 2, 1, 2800000, 0),
(112, 'EMILIANO  DIEZ LONDO?O', 2, 6, 'Antiguo', 450000, 112, 2, 1, 1, 3450000, 0),
(113, 'BREIDER JOSE JARAMILLO QUINTERO', 2, 3, 'Antiguo', 745000, 113, 2, 1, 1, 3150000, 0),
(114, 'JADEN ABEL SAYA MARTINEZ', 2, 7, 'Antiguo', 130000, 114, 1, 1, 1, 3500000, 0),
(115, 'JUAN SEBASTIAN SIERRA NEGRETE', 3, 10, 'Antiguo', 2100000, 115, 3, 2, 1, 3550000, 0),
(116, 'REYCHELL SOFIA CUCAITA SALAMANCA', 4, 14, 'Antiguo', 2600000, 116, 3, 2, 1, 2150000, 0),
(117, 'REYCHELL SOFIA SALAMANCA GALVIS', 4, 14, 'Antiguo', 2600000, 117, 3, 2, 1, 2150000, 0),
(118, 'JERONIMO  CONTRERAS REYES', 2, 9, 'Antiguo', 130000, 118, 1, 1, 1, 3900000, 0),
(119, 'SANTIAGO  POLO PRATO', 4, 15, 'Antiguo', 2600000, 119, 3, 2, 1, 4800000, 0),
(120, 'JEISSON LEONARDO TORRES ATARA', 2, 9, 'Antiguo', 130000, 120, 1, 1, 1, 3900000, 0),
(121, 'GERONIMO  VANEGAS AGUDELO', 2, 7, 'Antiguo', 130000, 121, 1, 1, 1, 3500000, 0),
(122, 'SALOME  MORATO CACERES', 4, 15, 'Antiguo', 2600000, 122, 3, 2, 1, 4800000, 0),
(123, 'MIGUEL ISAAC MENDOZA DIAZ', 3, 13, 'Antiguo', 2600000, 123, 3, 2, 1, 2200000, 0),
(124, 'HASLYN  VALENTINA TRIVI?O BELTRAN', 2, 7, 'Antiguo', 130000, 124, 1, 1, 1, 3500000, 0),
(125, 'HASLYN  VALENTINA TRIVI?O BELTRAN', 2, 7, 'Antiguo', 130000, 125, 1, 1, 1, 3500000, 0),
(126, 'HASLYN VALENTINA TRIVI?O BELTRAN', 2, 7, 'Antiguo', 130000, 126, 1, 1, 1, 3500000, 0),
(127, 'SOFIA ALEXANDRA PEREZ VILLAMIZAR', 4, 16, 'Antiguo', 1200000, 127, 2, 2, 1, 3170000, 0),
(128, 'THOMAS JERONIMO RODRIGUEZ SANCHEZ', 4, 16, 'Antiguo', 1200000, 128, 2, 2, 1, 3170000, 0),
(129, 'DEIVI JEREMIAS ALMEIDA ARROYO', 2, 5, 'Antiguo', 450000, 129, 2, 1, 1, 2800000, 0),
(130, 'RONALD DAVID SEBASTIAN   GOMEZ DIAZ', 4, 14, 'Antiguo', 2600000, 130, 3, 2, 1, 2150000, 0),
(131, 'ISAAC  LOPEZ ROLDAN', 2, 7, 'Antiguo', 130000, 131, 1, 1, 1, 3500000, 0),
(132, 'SARA LUCIA SANCHEZ VARGAS', 4, 15, 'Antiguo', 2600000, 132, 3, 2, 1, 4800000, 0),
(133, 'JHORDAN SAMUEL VELEZ ARANGO', 2, 9, 'Antiguo', 130000, 133, 1, 1, 1, 3900000, 0),
(134, 'IZABEL NICOLLE IBA?EZ CALLEJAS', 2, 7, 'Antiguo', 130000, 134, 1, 1, 1, 3500000, 0),
(135, 'SANTIAGO  MARTINEZ HERNANDEZ', 4, 15, 'Antiguo', 2600000, 135, 3, 2, 1, 4800000, 0),
(136, 'ANDREA JULIANA TORRES URIBE', 2, 1, 'Antiguo', 850000, 136, 2, 1, 1, 3500000, 0),
(137, 'JEINER ANDRES PLAZA HERNANDEZ', 2, 8, 'Antiguo', 130000, 137, 1, 1, 1, 3680000, 0),
(138, 'NELSON RABY CABRERA ERAZO', 3, 13, 'Antiguo', 2600000, 138, 3, 2, 1, 2200000, 0),
(139, 'VALERY  NU?EZ COLORADO', 4, 16, 'Antiguo', 1200000, 139, 2, 2, 1, 3170000, 0),
(140, 'ISABELLA  CASTILLO ECHEVERRI', 2, 7, 'Antiguo', 130000, 140, 1, 1, 1, 3500000, 0),
(141, 'MARIA SOFIA CONTRERAS ARIAS', 3, 12, 'Antiguo', 2100000, 141, 3, 2, 1, 2800000, 0),
(142, 'LEANDRO  GIRALDO QUINTERO', 3, 11, 'Antiguo', 2100000, 142, 3, 2, 1, 3500000, 0),
(143, 'SAMITH ANDRES VERGARA TEHERAN', 4, 15, 'Antiguo', 2600000, 143, 3, 2, 1, 4800000, 0),
(144, 'EMILY GABRIELA IZA ROMERO', 2, 6, 'Antiguo', 450000, 144, 2, 1, 1, 3450000, 0),
(145, 'SHRILEY GUADALUPE MU?OZ HERRERA', 4, 16, 'Antiguo', 2600000, 145, 3, 2, 1, 3170000, 0),
(146, 'KARINA  NIETO CAMPO', 3, 11, 'Antiguo', 2100000, 146, 3, 2, 1, 3500000, 0),
(147, 'MARIA DORA VALENCIA AGUDELO', 3, 12, 'Antiguo', 2100000, 147, 3, 2, 1, 2800000, 0),
(148, 'MARIANGEL  ROZO MARTINEZ', 3, 13, 'Antiguo', 2100000, 148, 3, 2, 1, 2200000, 0),
(149, 'JUAN JOSE FLOREZ ORTEGA', 3, 10, 'Antiguo', 2100000, 149, 3, 2, 1, 3550000, 0),
(150, 'ANDERSON ANDRES COSSIO BEDOYA', 2, 1, 'Antiguo', 850000, 150, 2, 1, 1, 3500000, 0),
(151, 'GUSTAVO  FLOREZ SALGADO', 2, 7, 'Antiguo', 130000, 151, 1, 1, 1, 3500000, 0),
(152, 'JOSE ALEJANDRO MESA MONSALVE', 2, 10, 'Antiguo', 870000, 152, 2, 1, 1, 3550000, 0),
(153, 'ISABELLA KATALEY CASTILLO VERGARA', 2, 7, 'Antiguo', 130000, 153, 1, 1, 1, 3500000, 0),
(154, 'HIJOO DE MARBELL   HIJO DE MARBELL  ', 2, 7, 'Antiguo', 130000, 154, 1, 1, 1, 3500000, 0),
(155, 'MAILYN JULIANA FLOREZ BORJA', 3, 12, 'Antiguo', 2100000, 155, 3, 2, 1, 2800000, 0),
(156, 'THIAGO ANDRES GONZALEZ UGARRIZA', 4, 16, 'Antiguo', 1200000, 156, 2, 2, 1, 3170000, 0),
(157, 'SAMUEL ESTIVEN AHUMADA FERNANDEZ', 4, 15, 'Antiguo', 2600000, 157, 3, 2, 1, 4800000, 0),
(158, 'MOISES LEONARDO PUERTA FRANCO', 3, 13, 'Antiguo', 2600000, 158, 3, 2, 1, 2200000, 0),
(159, 'MARIA GUADALUPE AVENDA?O CASTIBLANCO', 3, 12, 'Antiguo', 2100000, 159, 3, 2, 1, 2800000, 0),
(160, 'MARTIN  RENDON LOPERA', 3, 13, 'Antiguo', 2100000, 160, 3, 2, 1, 2200000, 0),
(161, 'DANIEL JOSE CAICEDO CABEZA', 2, 5, 'Antiguo', 700000, 161, 2, 1, 1, 2800000, 0),
(162, 'ASHLY GABRIELA GUEVARA NARANJO', 2, 3, 'Antiguo', 850000, 162, 2, 1, 1, 3150000, 0),
(163, 'DEIVEN STEVEN MENDEZ HERNANDEZ', 2, 5, 'Antiguo', 450000, 163, 2, 1, 1, 2800000, 0),
(164, 'PAULA VALENTINA SALCEDO LOPEZ', 4, 14, 'Antiguo', 2600000, 164, 3, 2, 1, 2150000, 0),
(165, 'YULIET KATERIN GONZALEZ YATE', 4, 19, 'Antiguo', 1200000, 165, 2, 2, 1, 2450000, 0),
(166, 'MARIA ISABEL VANEGAS MERCADO', 3, 12, 'Antiguo', 2100000, 166, 3, 2, 1, 2800000, 0),
(167, 'JUAN DIEGO SANCHEZ CATA?O', 3, 10, 'Antiguo', 2100000, 167, 3, 2, 1, 3550000, 0),
(168, 'JUAN JOSE GAMBOA MENDOZA', 3, 10, 'Antiguo', 2100000, 168, 3, 2, 1, 3550000, 0),
(169, 'VALERIN LILIANA PEREZ GUTIERREZ', 4, 16, 'Antiguo', 1200000, 169, 2, 2, 1, 3170000, 0),
(170, 'SAMARA SOFIA CASTRO HORTA', 4, 15, 'Antiguo', 2600000, 170, 3, 2, 1, 4800000, 0),
(171, 'KHONNAN ESTEBAN CASTRO MOSQUERA', 3, 11, 'Antiguo', 2100000, 171, 3, 2, 1, 3500000, 0),
(172, 'CARLOS SANTIAGO MARTINEZ MACIAS', 2, 4, 'Antiguo', 745000, 172, 2, 1, 1, 3450000, 0),
(173, 'JHILDER ESNEYDER GUAYACAN BERNAL', 2, 9, 'Antiguo', 130000, 173, 1, 1, 1, 3900000, 0),
(174, 'HELLEN  COLORADO GALVEZ', 2, 7, 'Antiguo', 130000, 174, 1, 1, 1, 3500000, 0),
(175, 'JOSE EMILIANO LOPEZ RIVAS', 2, 10, 'Antiguo', 870000, 175, 2, 1, 1, 3550000, 0),
(176, 'ALEJANDRO  CAMARGO DIAZ', 2, 1, 'Antiguo', 850000, 176, 2, 1, 1, 3500000, 0),
(177, 'MATIAS  ACU?A ARIAS', 3, 13, 'Antiguo', 2100000, 177, 3, 2, 1, 2200000, 0),
(178, 'ALEXANDER  HERNANDEZ SALAZAR', 2, 1, 'Antiguo', 850000, 178, 2, 1, 1, 3500000, 0),
(179, 'HIJA DE MIRNA ESTEFHANY  MOLINA CONTRERAS', 2, 7, 'Antiguo', 130000, 179, 1, 1, 1, 3500000, 0),
(180, 'KENE  VARGAS OTERO', 3, 11, 'Antiguo', 2100000, 180, 3, 2, 1, 3500000, 0),
(181, 'EDER  VARGAS OTERO', 2, 6, 'Antiguo', 450000, 181, 2, 1, 1, 3450000, 0),
(182, 'JONATAN DAVID ARIZA MARTINEZ', 2, 10, 'Antiguo', 130000, 182, 1, 1, 1, 3550000, 0),
(183, 'SERGIO ANDRES ARAQUE OSPINA', 4, 15, 'Antiguo', 2600000, 183, 3, 2, 1, 4800000, 0),
(184, 'SERGIO  ANDRES ARAQUE OSPINA', 4, 15, 'Antiguo', 2600000, 184, 3, 2, 1, 4800000, 0),
(185, 'SHIARA NICOL ESPITIA AGUDELO', 4, 16, 'Antiguo', 2600000, 185, 3, 2, 1, 3170000, 0),
(186, 'KARIM NICOL LLERENA MOLANO', 3, 11, 'Antiguo', 2100000, 186, 3, 2, 1, 3500000, 0),
(187, 'JUAN DAVID BUITRAGO URREA', 2, 10, 'Antiguo', 2100000, 187, 3, 2, 1, 3550000, 0),
(188, 'VALERI SOFIA NU?EZ BAUTISTA', 4, 16, 'Antiguo', 1200000, 188, 2, 2, 1, 3170000, 0),
(189, 'MICHELLE SOFIA SEPULVEDA CHAVARRO', 3, 13, 'Antiguo', 2600000, 189, 3, 2, 1, 2200000, 0),
(190, 'TOMAS  LUGO ALVAREZ', 4, 16, 'Antiguo', 1200000, 190, 2, 2, 1, 3170000, 0),
(191, 'SALOME  ALVAREZ GONZALEZ', 4, 15, 'Antiguo', 2600000, 191, 3, 2, 1, 4800000, 0),
(192, 'DAVID SANTIAGO WALTERO TORRES', 2, 5, 'Antiguo', 450000, 192, 2, 1, 1, 2800000, 0),
(193, 'SANTY JERAR ESPA?A CORTAZAR', 4, 15, 'Antiguo', 2600000, 193, 3, 2, 1, 4800000, 0),
(194, 'SANTIAGO JOSE DIAZ NU?EZ', 4, 15, 'Antiguo', 2600000, 194, 3, 2, 1, 4800000, 0),
(195, 'SANTIAGO  AGUDELO CARDONA', 4, 15, 'Antiguo', 2600000, 195, 3, 2, 1, 4800000, 0),
(196, 'JERONIMO  NARANJO CACERES', 2, 9, 'Antiguo', 130000, 196, 1, 1, 1, 3900000, 0),
(197, 'HIJO DE DELFINA   FERIA BAUTISTA', 2, 7, 'Antiguo', 130000, 197, 1, 1, 1, 3500000, 0),
(198, 'HIJ0 DE DELFINA   FERIA BUSTAMANTE', 2, 7, 'Antiguo', 130000, 198, 1, 1, 1, 3500000, 0),
(199, 'MANUELA ANDREA OROZCO HENAO', 3, 12, 'Antiguo', 2100000, 199, 3, 2, 1, 2800000, 0),
(200, 'STEBAN  RODRIGUEZ CASTELLANOS', 4, 16, 'Antiguo', 1200000, 200, 2, 2, 1, 3170000, 0),
(201, 'JUAN ESTEBAN CARBALLO JARAMILLO', 3, 10, 'Antiguo', 2100000, 201, 3, 2, 1, 3550000, 0),
(202, 'AYLIN NAOMI RAMIREZ VILLEGAS', 2, 3, 'Antiguo', 850000, 202, 2, 1, 1, 3150000, 0),
(203, 'AKEMI STEPHANIA ALAPE HERNANDEZ', 2, 1, 'Antiguo', 850000, 203, 2, 1, 1, 3500000, 0),
(204, 'SOFIA  MARTINEZ CAICEDO', 4, 16, 'Antiguo', 1200000, 204, 2, 2, 1, 3170000, 0),
(205, 'SEBASTIAN  ARDILA MORALES', 4, 15, 'Antiguo', 2600000, 205, 3, 2, 1, 4800000, 0),
(206, 'JOSEPH MAURICIO MURILLO JARABA', 2, 10, 'Antiguo', 870000, 206, 2, 1, 1, 3550000, 0),
(207, 'ANGEL DE JESUS   PERDOMO PEREZ', 2, 2, 'Antiguo', 850000, 207, 2, 1, 1, 3100000, 0),
(208, 'JUAN JOSE CEBALLOS CHAVARRIA', 3, 10, 'Antiguo', 2100000, 208, 3, 2, 1, 3550000, 0),
(209, 'HARRY ALEXANDER MURILLO PALACIO', 2, 7, 'Antiguo', 130000, 209, 1, 1, 1, 3500000, 0),
(210, 'FAIVER SANTIAGO MARTINEZ ELLES', 2, 7, 'Antiguo', 450000, 210, 2, 1, 1, 3500000, 0),
(211, 'ISABELLA  ROA VARGAS', 2, 7, 'Antiguo', 130000, 211, 1, 1, 1, 3500000, 0),
(212, 'MATTHEW DAVID CRUZ LUNA', 3, 13, 'Antiguo', 2100000, 212, 3, 2, 1, 2200000, 0),
(213, 'MARIA PAULA CEDE?O TRUJILLO', 3, 12, 'Antiguo', 2100000, 213, 3, 2, 1, 2800000, 0),
(214, 'CRISTIAN DAVID JIMENEZ HERNANDEZ', 2, 4, 'Antiguo', 700000, 214, 2, 1, 1, 3450000, 0),
(215, 'VICTORIA ISABELL RAMIREZ PADILLA', 4, 16, 'Antiguo', 1200000, 215, 2, 2, 1, 3170000, 0),
(216, 'MARIA LUISA GUZMAN MARTINEZ', 3, 12, 'Antiguo', 2100000, 216, 3, 2, 1, 2800000, 0),
(217, 'LUNA ISABELLA MOGOLLON ESCAMILLA', 3, 12, 'Antiguo', 2100000, 217, 3, 2, 1, 2800000, 0),
(218, 'YEINER JOSE BORJA PADILLA', 4, 18, 'Antiguo', 1200000, 218, 2, 2, 1, 2650000, 0),
(219, 'NEYMAR JUNIOR CUADRO AGUILAR', 3, 13, 'Antiguo', 2600000, 219, 3, 2, 1, 2200000, 0),
(220, 'JEFFREY JOSE CHOPERENA PALACIN', 2, 8, 'Antiguo', 130000, 220, 1, 1, 1, 3680000, 0),
(221, 'EIMY VALERIA PINZON ROBLES', 2, 6, 'Antiguo', 450000, 221, 2, 1, 1, 3450000, 0),
(222, 'ALISSON ALEJANDRA ARIZA CACERES', 2, 1, 'Antiguo', 850000, 222, 2, 1, 1, 3500000, 0),
(223, 'JOHAN STIVEN HERNANDEZ GAVILAN', 2, 10, 'Antiguo', 130000, 223, 1, 1, 1, 3550000, 0),
(224, 'DIDIER ISMAEL MENDOZA ALMEIDA', 2, 5, 'Antiguo', 450000, 224, 2, 1, 1, 2800000, 0),
(225, 'SAMUEL DAVID MURILLO PEREZ', 4, 15, 'Antiguo', 2600000, 225, 3, 2, 1, 4800000, 0),
(226, 'JADID MANUEL ARIAS PERTUZ', 2, 7, 'Antiguo', 130000, 226, 1, 1, 1, 3500000, 0),
(227, 'DANY ALEJANDRO PAEZ GALEANO', 2, 5, 'Antiguo', 450000, 227, 2, 1, 1, 2800000, 0),
(228, 'CRISTOFER  JARAMILLO MENDOZA', 2, 4, 'Antiguo', 700000, 228, 2, 1, 1, 3450000, 0),
(229, 'SANTIAGO  GARCIA GARCIA', 4, 15, 'Antiguo', 2600000, 229, 3, 2, 1, 4800000, 0),
(230, 'HOLLMAN YESID CASTRO CANO', 2, 7, 'Antiguo', 130000, 230, 1, 1, 1, 3500000, 0),
(231, 'SALOME  ROJAS LAMPREA', 4, 15, 'Antiguo', 2600000, 231, 3, 2, 1, 4800000, 0),
(232, 'SANDRA YULIETH URIBE LOPEZ', 4, 15, 'Antiguo', 2600000, 232, 3, 2, 1, 4800000, 0),
(233, 'NICOL DAYANA ZALASAR MOLINA', 3, 13, 'Antiguo', 2600000, 233, 3, 2, 1, 2200000, 0),
(234, 'KENDAL ORIANA CUERO COSSIO', 3, 11, 'Antiguo', 2100000, 234, 3, 2, 1, 3500000, 0),
(235, 'KAREN SOFIA LUNA HERAZO', 3, 10, 'Antiguo', 2100000, 235, 3, 2, 1, 3550000, 0),
(236, 'ISABELLA  PIEDRAS DOMINGUEZ', 2, 7, 'Antiguo', 130000, 236, 1, 1, 1, 3500000, 0),
(237, 'EMILI SOFIA ALONSO LUNA', 2, 6, 'Antiguo', 450000, 237, 2, 1, 1, 3450000, 0),
(238, 'NICOLE JULIETH RASCOS ORTIZ', 3, 14, 'Antiguo', 2600000, 238, 3, 2, 1, 2150000, 0),
(239, 'JOSE LUIS MENDEZ BECERA', 2, 10, 'Antiguo', 870000, 239, 2, 1, 1, 3550000, 0),
(240, 'MARYMAR  BOSA ALVAREZ', 3, 13, 'Antiguo', 2100000, 240, 3, 2, 1, 2200000, 0),
(241, 'SALOME  TAPIAS RESTREPO', 4, 15, 'Antiguo', 2600000, 241, 3, 2, 1, 4800000, 0),
(242, 'BRIAN JOSEPH GARCIA VILLEGAS', 2, 3, 'Antiguo', 745000, 242, 2, 1, 1, 3150000, 0),
(243, 'DIEGO DANIEL ROJAS CORTEZ', 2, 5, 'Antiguo', 450000, 243, 2, 1, 1, 2800000, 0),
(244, 'SAMUEL  GALLEGO BARRIOS', 4, 15, 'Antiguo', 2600000, 244, 3, 2, 1, 4800000, 0),
(245, 'DILAN  ROJAS CORREA', 2, 5, 'Antiguo', 450000, 245, 2, 1, 1, 2800000, 0),
(246, 'AHINARA JULIANA CADAVID ARBOLEDA', 2, 1, 'Antiguo', 850000, 246, 2, 1, 1, 3500000, 0),
(247, 'MATEO FRANCISCO VELASQUEZ CORONADO', 3, 13, 'Antiguo', 2100000, 247, 3, 2, 1, 2200000, 0),
(248, 'JUAN ESTEBAN CHACON MURCIA', 3, 10, 'Antiguo', 2100000, 248, 3, 2, 1, 3550000, 0),
(249, 'JULIAN ANDRES ARENAS ROJAS', 3, 10, 'Antiguo', 2100000, 249, 3, 2, 1, 3550000, 0),
(250, 'DYLAN ANDRES USECHE MALDONADO', 2, 6, 'Antiguo', 450000, 250, 2, 1, 1, 3450000, 0),
(251, 'ARLEY ALFONSO PINTO CORONEL', 2, 2, 'Antiguo', 850000, 251, 2, 1, 1, 3100000, 0),
(252, 'ISABELLA  SUAZA VILLADA', 2, 7, 'Antiguo', 130000, 252, 1, 1, 1, 3500000, 0),
(253, 'EMANUEL FELIPE ROLON ORTEGA', 2, 6, 'Antiguo', 450000, 253, 2, 1, 1, 3450000, 0),
(254, 'NICOLAS  CARRILLO HERNANDEZ', 3, 14, 'Antiguo', 2600000, 254, 3, 2, 1, 2150000, 0),
(255, 'JERONIMO  FERNANDEZ GOMEZ', 2, 9, 'Antiguo', 130000, 255, 1, 1, 1, 3900000, 0),
(256, 'JUAN SEBASTIAN PALENCIA MONTOYA', 3, 10, 'Antiguo', 2100000, 256, 3, 2, 1, 3550000, 0),
(257, 'MARIANELLA  GANTES ERAZO', 3, 12, 'Antiguo', 2100000, 257, 3, 2, 1, 2800000, 0),
(258, 'LAURA SALOME CARDONA ', 3, 11, 'Antiguo', 2100000, 258, 3, 2, 1, 3500000, 0),
(259, 'ROSA MARIA GAVALO SOTELO', 4, 14, 'Antiguo', 2600000, 259, 3, 2, 1, 2150000, 0),
(260, 'JAMES ALEXANDER HERNANDEZ PARRA', 2, 8, 'Antiguo', 130000, 260, 1, 1, 1, 3680000, 0),
(261, 'NICOLAS DAVID LARA OLAYA', 3, 14, 'Antiguo', 2600000, 261, 3, 2, 1, 2150000, 0),
(262, 'WENDYS ZULAY MORALES LACERA', 4, 17, 'Antiguo', 1200000, 262, 2, 2, 1, 2780000, 0),
(263, 'MIGUEL ANGEL BEDOYA ', 3, 13, 'Antiguo', 2600000, 263, 3, 2, 1, 2200000, 0),
(264, 'EMILIANO  LLANOS VARGAS', 2, 6, 'Antiguo', 450000, 264, 2, 1, 1, 3450000, 0),
(265, 'JAVIER  SANDOBAL HURTADO', 2, 8, 'Antiguo', 130000, 265, 1, 1, 1, 3680000, 0),
(266, 'ANNY CRISTINA PADIERNA AVENDA?O', 2, 2, 'Antiguo', 850000, 266, 2, 1, 1, 3100000, 0),
(267, 'MOISES DAVID ALVAREZ SANCHEZ', 3, 13, 'Antiguo', 2600000, 267, 3, 2, 1, 2200000, 0),
(268, 'LEYMER  CHAMI MAJORE', 3, 11, 'Antiguo', 2100000, 268, 3, 2, 1, 3500000, 0),
(269, 'JOSE MIGUEL AGUALIMPIA MENA', 2, 10, 'Antiguo', 870000, 269, 2, 1, 1, 3550000, 0),
(270, 'JHON ANDERSON FORERO HERRERA', 2, 9, 'Antiguo', 130000, 270, 1, 1, 1, 3900000, 0),
(271, 'SANTIAGO  SUAREZ HINCAPIE', 4, 15, 'Antiguo', 2600000, 271, 3, 2, 1, 4800000, 0),
(272, 'HIJA DE JUDIS PAOLA  VACA CHAPARRO', 2, 7, 'Antiguo', 130000, 272, 1, 1, 1, 3500000, 0),
(273, 'DILAN JOSE GUTIERREZ MARIN', 2, 6, 'Antiguo', 450000, 273, 2, 1, 1, 3450000, 0),
(274, 'MARIA JOSE MORALES QUINTANA', 3, 12, 'Antiguo', 2100000, 274, 3, 2, 1, 2800000, 0),
(275, 'NANCY AMPARO MONTOYA SALAZAR', 3, 13, 'Antiguo', 2600000, 275, 3, 2, 1, 2200000, 0),
(276, 'LUCIANA  HERRERA GARCIA', 3, 12, 'Antiguo', 2100000, 276, 3, 2, 1, 2800000, 0),
(277, 'IAN JERONIMO LOAIZA MONTOYA', 2, 7, 'Antiguo', 130000, 277, 1, 1, 1, 3500000, 0),
(278, 'JOAN NICOLAS CASTRO ALVAREZ', 2, 10, 'Antiguo', 130000, 278, 1, 1, 1, 3550000, 0),
(279, 'JEISON DAVID ESQUIVEL BONILLA', 2, 8, 'Antiguo', 130000, 279, 1, 1, 1, 3680000, 0),
(280, 'CARLOS MARIO CAMPO RANGEL', 2, 4, 'Antiguo', 745000, 280, 2, 1, 1, 3450000, 0),
(281, 'ANA SOFIA RESTREPO ORTEGA', 2, 1, 'Antiguo', 850000, 281, 2, 1, 1, 3500000, 0),
(282, 'NEIMAR DAVID ANTURI ', 3, 13, 'Antiguo', 2600000, 282, 3, 2, 1, 2200000, 0),
(283, 'SAMUEL ESTEBAN GOMEZ NI?O', 4, 15, 'Antiguo', 2600000, 283, 3, 2, 1, 4800000, 0),
(284, 'JOSE DUBAN ORTIZ MICOLTA', 2, 10, 'Antiguo', 870000, 284, 2, 1, 1, 3550000, 0),
(285, 'JEAN PAUL HERNANDEZ MARIMON', 2, 8, 'Antiguo', 130000, 285, 1, 1, 1, 3680000, 0),
(286, 'MARIA JOSE TRUJILLO DIAZ', 3, 12, 'Antiguo', 2100000, 286, 3, 2, 1, 2800000, 0),
(287, 'JOSE MARIA LEAL ORDUZ', 2, 10, 'Antiguo', 870000, 287, 2, 1, 1, 3550000, 0),
(288, 'SAMUEL  POVEDA CASTA?EDA', 4, 15, 'Antiguo', 2600000, 288, 3, 2, 1, 4800000, 0),
(289, 'JHOSEP BRADLEY CIFUENTES VALENCIA', 2, 10, 'Antiguo', 130000, 289, 1, 1, 1, 3550000, 0),
(290, 'LUCIANA  DEAZA GARCIA', 3, 11, 'Antiguo', 2100000, 290, 3, 2, 1, 3500000, 0),
(291, 'YEFFERSON JAVIER BASTIDAS DUARTE', 4, 18, 'Antiguo', 1200000, 291, 2, 2, 1, 2650000, 0),
(292, 'IAN GABRIEL LOZANO ORTIZ', 2, 7, 'Antiguo', 130000, 292, 1, 1, 1, 3500000, 0),
(293, 'DUVAN FELIPE ACEVEDO POTES', 2, 6, 'Antiguo', 450000, 293, 2, 1, 1, 3450000, 0),
(294, 'JOHANDRI SHARAY BERTEL ZAYAS', 2, 10, 'Antiguo', 130000, 294, 1, 1, 1, 3550000, 0),
(295, 'SARAY  VILLEGAS MARTINEZ', 4, 15, 'Antiguo', 2600000, 295, 3, 2, 1, 4800000, 0),
(296, 'SANTIAGO  PALACIO ALVAREZ', 4, 15, 'Antiguo', 2600000, 296, 3, 2, 1, 4800000, 0),
(297, 'DYLAN ELIAS HERNANDEZ BASTO', 2, 6, 'Antiguo', 450000, 297, 2, 1, 1, 3450000, 0),
(298, 'JHON CARLOS CARO CABEZAS', 2, 9, 'Antiguo', 130000, 298, 1, 1, 1, 3900000, 0),
(299, 'JUAN CAMILO RODRIGUEZ GARIZADO', 2, 10, 'Antiguo', 870000, 299, 2, 1, 1, 3550000, 0),
(300, 'VAYOLET NICOL ACEVEDO ROMAN', 4, 16, 'Antiguo', 1200000, 300, 2, 2, 1, 3170000, 0),
(301, 'AZUCENA  CHAPARRO ', 2, 3, 'Antiguo', 745000, 301, 2, 1, 1, 3150000, 0),
(302, 'DANNA SOFIA CHAVEZ PULGARIN', 2, 5, 'Antiguo', 450000, 302, 2, 1, 1, 2800000, 0),
(303, 'MILAGROS  DIAZ CARRE?O', 3, 13, 'Antiguo', 2600000, 303, 3, 2, 1, 2200000, 0),
(304, 'SALOME  ORTIZ DEVIA', 4, 15, 'Antiguo', 2600000, 304, 3, 2, 1, 4800000, 0),
(305, 'TONIS JOSE GULLOSO VILLARREAL', 4, 16, 'Antiguo', 1200000, 305, 2, 2, 1, 3170000, 0),
(306, 'MADEN SELENNE LOPEZ RAMIREZ', 3, 12, 'Antiguo', 2100000, 306, 3, 2, 1, 2800000, 0),
(307, 'JHAIDER SANTIAGO GALVIS DELGADO', 2, 9, 'Antiguo', 130000, 307, 1, 1, 1, 3900000, 0),
(308, 'MANUELA  SANTACRUZ MARIN', 3, 12, 'Antiguo', 2100000, 308, 3, 2, 1, 2800000, 0),
(309, 'ALLISON  FILOTT ', 2, 1, 'Antiguo', 850000, 309, 2, 1, 1, 3500000, 0),
(310, 'GIAN SMITH UMA?A RUEDA', 2, 7, 'Antiguo', 130000, 310, 1, 1, 1, 3500000, 0),
(311, 'MAXIMILIANO  ORREGO ', 3, 13, 'Antiguo', 2100000, 311, 3, 2, 1, 2200000, 0),
(312, 'SHAROL ESTEFANNY MOTAVITA ZARATE', 4, 16, 'Antiguo', 2600000, 312, 3, 2, 1, 3170000, 0),
(313, 'ISABELLA  OBANDO NOVOA', 2, 7, 'Antiguo', 130000, 313, 1, 1, 1, 3500000, 0),
(314, 'SANTIAGO SMITH SAENZ ROBLES', 4, 15, 'Antiguo', 2600000, 314, 3, 2, 1, 4800000, 0),
(315, 'CARLOS ARTURO PLATA CASTA?O', 2, 4, 'Antiguo', 745000, 315, 2, 1, 1, 3450000, 0),
(316, 'SANTIAGO  MORELO HERRERA', 4, 15, 'Antiguo', 2600000, 316, 3, 2, 1, 4800000, 0),
(317, 'NICOL DAYANNA CARRE?O CABALLERO', 3, 13, 'Antiguo', 2600000, 317, 3, 2, 1, 2200000, 0),
(318, 'CARLOS ANDRES GONZALEZ PATERNINA', 2, 4, 'Antiguo', 745000, 318, 2, 1, 1, 3450000, 0),
(319, 'DAVID STIVEN OCHOA SUAZA', 2, 5, 'Antiguo', 450000, 319, 2, 1, 1, 2800000, 0),
(320, 'NELIDA JOHANA LADINO LADINO', 3, 13, 'Antiguo', 2600000, 320, 3, 2, 1, 2200000, 0),
(321, 'NEVER ANDRES MOLINA GONZALEZ', 3, 13, 'Antiguo', 2600000, 321, 3, 2, 1, 2200000, 0),
(322, 'RICHARD STEVEN AREGUESES MARIN', 4, 14, 'Antiguo', 2600000, 322, 3, 2, 1, 2150000, 0),
(323, 'DILAN YOSETH SUAREZ GOMEZ', 2, 6, 'Antiguo', 450000, 323, 2, 1, 1, 3450000, 0),
(324, 'YERLY SARAY HERRERA ATENCIA', 4, 18, 'Antiguo', 1200000, 324, 2, 2, 1, 2650000, 0),
(325, 'CHANTAL  GALLO CARCAMO', 2, 4, 'Antiguo', 700000, 325, 2, 1, 1, 3450000, 0),
(326, 'DANNA JULIETH CARDONA CAMPOS', 2, 5, 'Antiguo', 450000, 326, 2, 1, 1, 2800000, 0),
(327, 'MAICOL JULIAN GONZALES CAPERA', 3, 12, 'Antiguo', 2100000, 327, 3, 2, 1, 2800000, 0),
(328, 'LOIDA ESTHER PEREIRA MARTINEZ', 3, 11, 'Antiguo', 2100000, 328, 3, 2, 1, 3500000, 0),
(329, 'EMMANUEL  PAREJA SUAZA', 2, 6, 'Antiguo', 450000, 329, 2, 1, 1, 3450000, 0),
(330, 'JAVIER DAVID CARDONA JULIO', 2, 8, 'Antiguo', 130000, 330, 1, 1, 1, 3680000, 0),
(331, 'MATIAS  DIAZ VERTEL', 3, 13, 'Antiguo', 2100000, 331, 3, 2, 1, 2200000, 0),
(332, 'ELI YOHANA SALAMANCA GALVIS', 2, 6, 'Antiguo', 450000, 332, 2, 1, 1, 3450000, 0),
(333, 'JORDAN ESTID ZAPATA SANCHEZ', 2, 10, 'Antiguo', 870000, 333, 2, 1, 1, 3550000, 0),
(334, 'VALENTINA  SOSA BETANCUR', 4, 16, 'Antiguo', 1200000, 334, 2, 2, 1, 3170000, 0),
(335, 'MICHEL DAYANA GALINDO CRUZ', 3, 13, 'Antiguo', 2600000, 335, 3, 2, 1, 2200000, 0),
(336, 'SANTIAGO  OSORIO BABILONIA', 4, 15, 'Antiguo', 2600000, 336, 3, 2, 1, 4800000, 0),
(337, 'YUDEIVIS  CANTILLO WILCHES', 4, 19, 'Antiguo', 1200000, 337, 2, 2, 1, 2450000, 0),
(338, 'NICOL  POSADA GAVIRIA', 3, 13, 'Antiguo', 2600000, 338, 3, 2, 1, 2200000, 0),
(339, 'ISABELLA  SERNA ARANGO', 2, 7, 'Antiguo', 130000, 339, 1, 1, 1, 3500000, 0),
(340, 'JHON ALEX CABRERA VASQUEZ', 2, 9, 'Antiguo', 130000, 340, 1, 1, 1, 3900000, 0),
(341, 'JEINER ANDRES VIVANCO CAMACHO', 2, 8, 'Antiguo', 130000, 341, 1, 1, 1, 3680000, 0),
(342, 'GERONIMO  GOMEZ IDALGO', 2, 7, 'Antiguo', 130000, 342, 1, 1, 1, 3500000, 0),
(343, 'AMAIRANYS SOFIA GAVIDIA BURGOS', 2, 1, 'Antiguo', 850000, 343, 2, 1, 1, 3500000, 0),
(344, 'JOHAN  NIETO MENDOZA', 2, 10, 'Antiguo', 130000, 344, 1, 1, 1, 3550000, 0),
(345, 'LUCIANA  RIVERA MUNERA', 3, 12, 'Antiguo', 2100000, 345, 3, 2, 1, 2800000, 0),
(346, 'SAMIRA DEL SOCORRO   CANO RAMOS', 4, 15, 'Antiguo', 2600000, 346, 3, 2, 1, 4800000, 0),
(347, 'JUAN DANIEL GONZALEZ MANIOS', 2, 10, 'Antiguo', 2100000, 347, 3, 1, 1, 3550000, 0),
(348, 'JEFRY  HOYOS HERNANDEZ', 2, 8, 'Antiguo', 130000, 348, 1, 1, 1, 3680000, 0),
(349, 'JUAN JOSE PALENCIA VERA', 3, 10, 'Antiguo', 2100000, 349, 3, 2, 1, 3550000, 0),
(350, 'JUAN JOSE TRUJILLO MARIN', 3, 10, 'Antiguo', 2100000, 350, 3, 2, 1, 3550000, 0),
(351, 'JUAN DE DIOS   MANCO ESCALANTE', 3, 10, 'Antiguo', 2100000, 351, 3, 2, 1, 3550000, 0),
(352, 'JACOBO  ARDILA MARTINEZ', 2, 7, 'Antiguo', 130000, 352, 1, 1, 1, 3500000, 0),
(353, 'DAVID  CALLE ORREGO', 2, 5, 'Antiguo', 450000, 353, 2, 1, 1, 2800000, 0),
(354, 'SAMARA  MORELO RODRIGUEZ', 4, 15, 'Antiguo', 2600000, 354, 3, 2, 1, 4800000, 0),
(355, 'DAVID JOSE CONTRERAS PEREZ', 2, 5, 'Antiguo', 450000, 355, 2, 1, 1, 2800000, 0),
(356, 'NEIMAR ANDRES BUSTAMANTE ORTIZ', 3, 13, 'Antiguo', 2600000, 356, 3, 2, 1, 2200000, 0),
(357, 'SANTIAGO  CEBALLOS RESTREPO', 4, 15, 'Antiguo', 2600000, 357, 3, 2, 1, 4800000, 0),
(358, 'LAURA VALENTINA CRUZ CANO', 3, 11, 'Antiguo', 2100000, 358, 3, 2, 1, 3500000, 0),
(359, 'JOSELIN  SANCHEZ RIVERA', 2, 10, 'Antiguo', 870000, 359, 2, 1, 1, 3550000, 0),
(360, 'DORLAN STEVEN ANDICA DOMICO', 2, 6, 'Antiguo', 450000, 360, 2, 1, 1, 3450000, 0),
(361, 'ELIZABETH  SOTO ESTRADA', 2, 6, 'Antiguo', 450000, 361, 2, 1, 1, 3450000, 0),
(362, 'ANDRES FELIPE PALENCIA PEREIRA', 2, 2, 'Antiguo', 850000, 362, 2, 1, 1, 3100000, 0),
(363, 'TOMAS  RODRIGUEZ MENDOZA', 4, 16, 'Antiguo', 1200000, 363, 2, 2, 1, 3170000, 0),
(364, 'SANTIAGO  CHAVARRIAGA QUINTERO', 4, 15, 'Antiguo', 2600000, 364, 3, 2, 1, 4800000, 0),
(365, 'EDWIN  ORTIZ MARIN', 2, 6, 'Antiguo', 450000, 365, 1, 1, 1, 3450000, 0),
(366, 'GUADALUPE  PALACIO ZAPATA', 2, 7, 'Antiguo', 130000, 366, 1, 1, 1, 3500000, 0),
(367, 'JUAN CARLOS MURILLO PEREZ', 2, 10, 'Antiguo', 2100000, 367, 3, 1, 1, 3550000, 0),
(368, 'EDUAR  GULLOSO VILLAREAL', 2, 6, 'Antiguo', 450000, 368, 1, 1, 1, 3450000, 0),
(369, 'EMANUEL SAID BARROS MACHUCA', 2, 6, 'Antiguo', 450000, 369, 1, 1, 1, 3450000, 0),
(370, 'SHAROLL THALIANA RODRIGUEZ NAICIPA', 4, 16, 'Antiguo', 2600000, 370, 3, 2, 1, 3170000, 0),
(371, 'SARA ALICIA RODRIGUEZ DE MARES  ', 4, 15, 'Antiguo', 2600000, 371, 3, 2, 1, 4800000, 0),
(372, 'YEIMY LORENA CARDONA CEBALLOS', 4, 18, 'Antiguo', 1200000, 372, 2, 2, 1, 2650000, 0),
(373, 'TATIANA MICHEL BOLA?O PARDO', 4, 16, 'Antiguo', 1200000, 373, 2, 2, 1, 3170000, 0),
(374, 'SAMUEL  ANAYA GALVAN', 4, 15, 'Antiguo', 2600000, 374, 3, 2, 1, 4800000, 0),
(375, 'PAULA ANDREA MENESES IDALGO', 4, 14, 'Antiguo', 2600000, 375, 3, 2, 1, 2150000, 0),
(376, 'LINDA DESIRECC ANCHICO CASTILLO', 3, 11, 'Antiguo', 2100000, 376, 3, 2, 1, 3500000, 0),
(377, 'DIEGO ANDRES HERNANDEZ ALVAREZ', 2, 5, 'Antiguo', 450000, 377, 1, 1, 1, 2800000, 0),
(378, 'LUZ ANGELA ARCE RODRIGUEZ', 3, 12, 'Antiguo', 2100000, 378, 3, 2, 1, 2800000, 0),
(379, 'GABRIEL  TABARES PLAZA', 2, 7, 'Antiguo', 130000, 379, 1, 1, 1, 3500000, 0),
(380, 'MARILYN  CHICA CHICA', 3, 13, 'Antiguo', 2100000, 380, 3, 2, 1, 2200000, 0),
(381, 'ESTEBAN ANDRES VASQUEZ BERROCAL', 2, 7, 'Antiguo', 450000, 381, 1, 1, 1, 3500000, 0),
(382, 'JORGE ANDRES CORDOBA MENDOZA', 2, 10, 'Antiguo', 870000, 382, 2, 1, 1, 3550000, 0),
(383, 'GERONIMO  PRADA OSPINA', 2, 7, 'Antiguo', 130000, 383, 1, 1, 1, 3500000, 0),
(384, 'EMMANUEL  AGUDELO BALLESTEROS', 2, 6, 'Antiguo', 450000, 384, 1, 1, 1, 3450000, 0),
(385, 'MIGUEL ANGEL BETANCUR GUERRA', 3, 13, 'Antiguo', 2600000, 385, 3, 2, 1, 2200000, 0),
(386, 'BRAYAN MATEO GUALTEROS JACANAMIJOY', 2, 3, 'Antiguo', 745000, 386, 2, 1, 1, 3150000, 0),
(387, 'JHON FREDY PEREZ SERRANO', 2, 9, 'Antiguo', 130000, 387, 1, 1, 1, 3900000, 0),
(388, 'WILFRAN ESTIBEN FERNANDEZ MOLINA', 4, 17, 'Antiguo', 1200000, 388, 2, 2, 1, 2780000, 0),
(389, 'BRANDON  BA?OL SANCHEZ', 2, 3, 'Antiguo', 745000, 389, 2, 1, 1, 3150000, 0),
(390, 'JOSE CARLOS ARTEAGA BLANQUICETH', 2, 10, 'Antiguo', 870000, 390, 2, 1, 1, 3550000, 0),
(391, 'JHONY ANDRES VAZQUEZ CARDONA', 2, 9, 'Antiguo', 130000, 391, 1, 1, 1, 3900000, 0),
(392, 'LEIDY YULIANA ROMERO ROMAN', 3, 11, 'Antiguo', 2100000, 392, 3, 2, 1, 3500000, 0),
(393, 'HUMBERTICO  CHAMI MAJORE', 2, 7, 'Antiguo', 130000, 393, 1, 1, 1, 3500000, 0),
(394, 'RICHARSON  GUEVARA AVELLANO', 4, 14, 'Antiguo', 2600000, 394, 3, 2, 1, 2150000, 0),
(395, 'GUADALUPE  CARDENAS VELASQUEZ', 2, 7, 'Antiguo', 130000, 395, 1, 1, 1, 3500000, 0),
(396, 'DUVAN FELIPE DIAZ CORRO', 2, 6, 'Antiguo', 450000, 396, 1, 1, 1, 3450000, 0),
(397, 'LUCIANA  GOMEZ TUERQUIA', 3, 11, 'Antiguo', 2100000, 397, 3, 2, 1, 3500000, 0),
(398, 'MARYI YIRET SUAREZ CARRE?O', 3, 13, 'Antiguo', 2100000, 398, 3, 2, 1, 2200000, 0),
(399, 'MIGUEL  UMA?A RUEDA', 3, 13, 'Antiguo', 2600000, 399, 3, 2, 1, 2200000, 0),
(400, 'JUAN JOSE MARIN FORONDA', 3, 10, 'Antiguo', 2100000, 400, 3, 2, 1, 3550000, 0),
(401, 'SALOME  DURAN CARDONA', 4, 15, 'Antiguo', 2600000, 401, 3, 2, 1, 4800000, 0),
(402, 'JACOBO  MORALES BENITEZ', 2, 7, 'Antiguo', 130000, 402, 1, 1, 1, 3500000, 0),
(403, 'ISABELLA  RESTREPO ARANGO', 2, 7, 'Antiguo', 130000, 403, 1, 1, 1, 3500000, 0),
(404, 'MICHEL DAYANA RINCON PINEDA', 3, 13, 'Antiguo', 2600000, 404, 3, 2, 1, 2200000, 0),
(405, 'ANDRES FELIPE HERN?NDEZ GALVIS', 2, 2, 'Antiguo', 850000, 405, 2, 1, 1, 3100000, 0),
(406, 'SAIRA  SALDARRIAGA HURTADO', 4, 15, 'Antiguo', 2600000, 406, 3, 2, 1, 4800000, 0),
(407, 'DARWIN SAMUEL BULLA GARZON', 2, 5, 'Antiguo', 450000, 407, 1, 1, 1, 2800000, 0),
(408, 'CESAR  BENJUMEA GIL', 2, 4, 'Antiguo', 700000, 408, 2, 1, 1, 3450000, 0),
(409, 'MARIANA CAROLINA PARRA ESTEVEZ', 3, 12, 'Antiguo', 2100000, 409, 3, 2, 1, 2800000, 0),
(410, 'LINDIS ESTHER COBA FONTALVO', 3, 11, 'Antiguo', 2100000, 410, 3, 2, 1, 3500000, 0),
(411, 'MARIA CAMILA ROJO ARISTIZABAL', 3, 12, 'Antiguo', 2100000, 411, 3, 2, 1, 2800000, 0),
(412, 'JUAN JOSE UMBA BARRAGAN', 3, 10, 'Antiguo', 2100000, 412, 3, 2, 1, 3550000, 0),
(413, 'JENNIFER ANDREA MONTOYA GUARIN', 2, 9, 'Antiguo', 130000, 413, 1, 1, 1, 3900000, 0),
(414, 'LUIFER GUSTAVO ALVAREZ RUBIO', 3, 12, 'Antiguo', 2100000, 414, 3, 2, 1, 2800000, 0),
(415, 'EDUVER ANDRES ORTIZ MARIN', 2, 6, 'Antiguo', 450000, 415, 1, 1, 1, 3450000, 0),
(416, 'TIFANY SILVANA URREGO USMA', 4, 16, 'Antiguo', 1200000, 416, 2, 2, 1, 3170000, 0),
(417, 'SOFIA  SOTO ZULETA', 4, 16, 'Antiguo', 1200000, 417, 2, 2, 1, 3170000, 0),
(418, 'SOFIA  SOTO ZULETA', 4, 16, 'Antiguo', 1200000, 418, 2, 2, 1, 3170000, 0),
(419, 'NICOLAS  ARTEAGA SANTANO', 3, 13, 'Antiguo', 2600000, 419, 3, 2, 1, 2200000, 0),
(420, 'MATEO  QUEJADA ARAQUE', 3, 13, 'Antiguo', 2100000, 420, 3, 2, 1, 2200000, 0),
(421, 'SOFIA  TORRES SERNA', 4, 16, 'Antiguo', 1200000, 421, 2, 2, 1, 3170000, 0),
(422, 'HERNAN DARIO RIVAS FABRA', 2, 7, 'Antiguo', 130000, 422, 1, 1, 1, 3500000, 0),
(423, 'ISAAC  GARCIA HERNANDEZ', 2, 7, 'Antiguo', 130000, 423, 1, 1, 1, 3500000, 0),
(424, 'DEIVY FELIPE PEREZ REYES', 2, 5, 'Antiguo', 450000, 424, 1, 1, 1, 2800000, 0),
(425, 'LUIS FELIPE URIBE HENAO', 3, 12, 'Antiguo', 2100000, 425, 3, 2, 1, 2800000, 0),
(426, 'MANUEL DAVID GUTIEREZ AVILA', 3, 12, 'Antiguo', 2100000, 426, 3, 2, 1, 2800000, 0),
(427, 'DIANA YANEDIS BARRERA ECHAVARRIA', 2, 5, 'Antiguo', 450000, 427, 1, 1, 1, 2800000, 0),
(428, 'CARLOS ANDRES PE?A MARTINEZ', 2, 4, 'Antiguo', 745000, 428, 2, 1, 1, 3450000, 0),
(429, 'MONICA ANDREA ARRIETA OROZCO', 3, 13, 'Antiguo', 2600000, 429, 3, 2, 1, 2200000, 0),
(430, 'LEONELA  BENITEZ FRANCO', 3, 11, 'Antiguo', 2100000, 430, 3, 2, 1, 3500000, 0),
(431, 'LUIZMAR ADRIANI MONTES VARGILLA', 3, 12, 'Antiguo', 2100000, 431, 3, 2, 1, 2800000, 0),
(432, 'SOFIA  BENJUMEA GIL', 4, 16, 'Antiguo', 2600000, 432, 3, 2, 1, 3170000, 0),
(433, 'ESTHEFANY  TORRES BALLESTEROS', 2, 7, 'Antiguo', 450000, 433, 1, 1, 1, 3500000, 0),
(434, 'MAICOL JOSE MARTES LOPEZ', 3, 12, 'Antiguo', 2100000, 434, 3, 2, 1, 2800000, 0),
(435, 'JUANA  PINO MEJIA', 3, 10, 'Antiguo', 2100000, 435, 3, 2, 1, 3550000, 0),
(436, 'JUAN SEBASTIAN ORTIZ VELASQUEZ', 3, 10, 'Antiguo', 2100000, 436, 3, 2, 1, 3550000, 0),
(437, 'MICHAEL  DUQUE POSADA', 3, 13, 'Antiguo', 2100000, 437, 3, 2, 1, 2200000, 0),
(438, 'LIZETH  GIL GARCIA', 3, 11, 'Antiguo', 2100000, 438, 3, 2, 1, 3500000, 0),
(439, 'GABRIEL MATEO GONZALEZ MORENO', 2, 7, 'Antiguo', 130000, 439, 1, 1, 1, 3500000, 0),
(440, 'ESNEIDER JOSE VILORIA PI?ERES', 2, 7, 'Antiguo', 450000, 440, 1, 1, 1, 3500000, 0),
(441, 'JUAN FELIPE ALGECIRA REINA', 3, 10, 'Antiguo', 2100000, 441, 3, 2, 1, 3550000, 0),
(442, 'JHOXER  URIBE URIBE', 2, 10, 'Antiguo', 130000, 442, 1, 1, 1, 3550000, 0),
(443, 'DILAN SANTIAGO REAL ANZOLA', 2, 6, 'Antiguo', 450000, 443, 1, 1, 1, 3450000, 0),
(444, 'ELIANIS MICHELL BARBOSA ESQUIVEL', 2, 6, 'Antiguo', 450000, 444, 1, 1, 1, 3450000, 0),
(445, 'JUAN JOSE BEDOYA ESPINOSA', 3, 10, 'Antiguo', 2100000, 445, 3, 2, 1, 3550000, 0),
(446, 'EVELIN ALEXANDRA ROJO ARISTIZABAL', 2, 7, 'Antiguo', 450000, 446, 1, 1, 1, 3500000, 0),
(447, 'ANA SOFIA ARDILA GOMEZ', 2, 1, 'Antiguo', 850000, 447, 2, 1, 1, 3500000, 0),
(448, 'JULIAN DAVID PEREZ RODRIGUEZ', 3, 10, 'Antiguo', 2100000, 448, 3, 2, 1, 3550000, 0),
(449, 'JUAN SEBASTIAN SANCHEZ ALVAREZ', 3, 10, 'Antiguo', 2100000, 449, 3, 2, 1, 3550000, 0),
(450, 'MARIA SALOME ECHAVARRIA VALENCIA', 3, 12, 'Antiguo', 2100000, 450, 3, 2, 1, 2800000, 0),
(451, 'TOMAS  CEDIEL PALACIOS', 4, 16, 'Antiguo', 1200000, 451, 2, 2, 1, 3170000, 0),
(452, 'EMMANUEL  TREJOS MARIN', 2, 6, 'Antiguo', 450000, 452, 1, 1, 1, 3450000, 0),
(453, 'JUAN JOSE CAMPO SCHTBORGH', 3, 10, 'Antiguo', 2100000, 453, 3, 2, 1, 3550000, 0),
(454, 'MARYI PAOLA PEDROZO GOMEZ', 3, 13, 'Antiguo', 2100000, 454, 3, 2, 1, 2200000, 0),
(455, 'ALEJANDRO  RAMIREZ GALLEGO', 2, 1, 'Antiguo', 850000, 455, 2, 1, 1, 3500000, 0),
(456, 'ADRIAN FELIPE CHICA CHICA', 2, 1, 'Antiguo', 850000, 456, 2, 1, 1, 3500000, 0),
(457, 'WENDY VANESA ACOSTA JARAMILLO', 4, 17, 'Antiguo', 1200000, 457, 2, 2, 1, 2780000, 0),
(458, 'JUNNIOR ALEXIS HERRERA MORALES', 3, 10, 'Antiguo', 2100000, 458, 3, 2, 1, 3550000, 0),
(459, 'ISABELA  PACHECO VASCO', 2, 7, 'Antiguo', 130000, 459, 1, 1, 1, 3500000, 0),
(460, 'DYLAN DEMIAN LEON BARRIENTOS', 2, 6, 'Antiguo', 450000, 460, 1, 1, 1, 3450000, 0),
(461, 'HASSLER SAMUEL RAMIREZ POLO', 2, 7, 'Antiguo', 130000, 461, 1, 1, 1, 3500000, 0),
(462, 'LAURA VALENTINA BURGOS MORA', 3, 11, 'Antiguo', 2100000, 462, 3, 2, 1, 3500000, 0),
(463, 'ERICA ISABELLA PIRAGAUTA ESTUPI?AN', 2, 6, 'Antiguo', 450000, 463, 1, 1, 1, 3450000, 0),
(464, 'GUADALUPE  CARDONA MELO', 2, 7, 'Antiguo', 130000, 464, 1, 1, 1, 3500000, 0),
(465, 'ALISSON MARIANA MONTOYA SERNA', 2, 1, 'Antiguo', 850000, 465, 2, 1, 1, 3500000, 0),
(466, 'YERSON ALEXIS VEGA NU?EZ', 4, 18, 'Antiguo', 1200000, 466, 2, 2, 1, 2650000, 0),
(467, 'NEYL ALDRIWN ROJAS VILLA', 3, 13, 'Antiguo', 2600000, 467, 3, 2, 1, 2200000, 0),
(468, 'ANDREA CAMILA GUTIERREZ MARTINEZ', 2, 1, 'Antiguo', 850000, 468, 2, 1, 1, 3500000, 0),
(469, 'JUAN FELIPE CAMPILLO ARANGO', 3, 10, 'Antiguo', 2100000, 469, 3, 2, 1, 3550000, 0),
(470, 'SAMUEL DAVID CEBALLOS CUADROS', 4, 15, 'Antiguo', 2600000, 470, 3, 2, 1, 4800000, 0),
(471, 'ANDRES DAVID GOMEZ GOMEZ', 2, 1, 'Antiguo', 850000, 471, 2, 1, 1, 3500000, 0),
(472, 'FELIPE  ORTIZ QUINTERO', 2, 7, 'Antiguo', 450000, 472, 1, 1, 1, 3500000, 0),
(473, 'DAVID ENRIQUE JAMBOOS VELASQUEZ', 2, 5, 'Antiguo', 450000, 473, 1, 1, 1, 2800000, 0),
(474, 'CRISTIAN  PALOMINO HURTADO', 2, 4, 'Antiguo', 700000, 474, 2, 1, 1, 3450000, 0),
(475, 'LAURA SOFIA ACOSTA OSPINA', 3, 11, 'Antiguo', 2100000, 475, 3, 2, 1, 3500000, 0),
(476, 'DANIELA  BARON OLEA', 2, 5, 'Antiguo', 700000, 476, 2, 1, 1, 2800000, 0),
(477, 'MAICOL ESTIVEN GUTIERREZ ORREGO', 3, 12, 'Antiguo', 2100000, 477, 3, 2, 1, 2800000, 0),
(478, 'JAILEN YULIETH ORTIZ DE LEON  ', 2, 7, 'Antiguo', 130000, 478, 1, 1, 1, 3500000, 0),
(479, 'ESTEBAN DAVID GARCIA SARMIENTO', 2, 7, 'Antiguo', 450000, 479, 1, 1, 1, 3500000, 0),
(480, 'PRUEBA  PRUEBA ', 4, 14, 'Antiguo', 2600000, 480, 3, 2, 1, 2150000, 0),
(481, 'EVELYN DAYANA CHACON CASTILLO', 2, 7, 'Antiguo', 450000, 481, 1, 1, 1, 3500000, 0),
(482, 'ANDREA  MONSALVE CACERES', 2, 1, 'Antiguo', 850000, 482, 2, 1, 1, 3500000, 0),
(483, 'KAREN  GARCIA TORO', 3, 10, 'Antiguo', 2100000, 483, 3, 2, 1, 3550000, 0),
(484, 'KEVIN DAVID TORRES CUEVAS', 3, 11, 'Antiguo', 2100000, 484, 3, 2, 1, 3500000, 0),
(485, 'JOSE MIGUEL HERNANDEZ GONZALEZ', 2, 10, 'Antiguo', 870000, 485, 2, 1, 1, 3550000, 0),
(486, 'VALENTINA  GIRALDO GARCIA', 4, 16, 'Antiguo', 1200000, 486, 2, 2, 1, 3170000, 0),
(487, 'JUAN JOSE CRUZ LOPEZ', 3, 10, 'Antiguo', 2100000, 487, 3, 2, 1, 3550000, 0),
(488, 'NICOL YULIETH CORDOBA MENDOZA', 3, 13, 'Antiguo', 2600000, 488, 3, 2, 1, 2200000, 0),
(489, 'STEFANNY  ARROYAVE BOLIVAR', 4, 16, 'Antiguo', 1200000, 489, 2, 2, 1, 3170000, 0),
(490, 'SARAH NICOLLE HERNANDEZ PINTO', 4, 15, 'Antiguo', 2600000, 490, 3, 2, 1, 4800000, 0),
(491, 'DIEGO  OSORIO JARAMILLO', 2, 5, 'Antiguo', 450000, 491, 1, 1, 1, 2800000, 0),
(492, 'SERGIO ANDRES BEDOYA DURANGO', 4, 15, 'Antiguo', 2600000, 492, 3, 2, 1, 4800000, 0),
(493, 'DAVID SANTIAGO DIAZ JIMENEZ', 2, 5, 'Antiguo', 450000, 493, 1, 1, 1, 2800000, 0),
(494, 'EIGNER  DIEZ AGUDELO', 2, 6, 'Antiguo', 450000, 494, 1, 1, 1, 3450000, 0),
(495, 'MARIA FERNANDA CHIA CAMACHO', 3, 12, 'Antiguo', 2100000, 495, 3, 2, 1, 2800000, 0),
(496, 'DEIVIS LEANDRO GONZALEZ AGUDELO', 2, 5, 'Antiguo', 450000, 496, 1, 1, 1, 2800000, 0),
(497, 'JESUS DAVID CARDENAS MERCADO', 2, 9, 'Antiguo', 130000, 497, 1, 1, 1, 3900000, 0),
(498, 'MATEO ALEXIS PULGARIN MORALES', 3, 13, 'Antiguo', 2100000, 498, 3, 2, 1, 2200000, 0),
(499, 'SAMS  RODRIGUEZ CA?AVERAL', 4, 15, 'Antiguo', 2600000, 499, 3, 2, 1, 4800000, 0),
(500, 'IAN DANIEL VILLARRAGA CABARCAS', 2, 7, 'Antiguo', 130000, 500, 1, 1, 1, 3500000, 0),
(501, 'KEVIN MAURICIO VILLARRAGA CABARCAS', 3, 11, 'Antiguo', 2100000, 501, 3, 2, 1, 3500000, 0),
(502, 'DANIEL DAVID GONZALEZ SIERRA', 2, 5, 'Antiguo', 700000, 502, 2, 1, 1, 2800000, 0),
(503, 'NIKOLAS GABRIEL SIERRA SOLANO', 3, 14, 'Antiguo', 2600000, 503, 3, 2, 1, 2150000, 0),
(504, 'NICOL  ORTIZ MONTOYA', 3, 13, 'Antiguo', 2600000, 504, 3, 2, 1, 2200000, 0),
(505, 'SARA LICETH VANEGAS GOMEZ', 4, 15, 'Antiguo', 2600000, 505, 3, 2, 1, 4800000, 0),
(506, 'YALIZA  ORDO?EZ BELTRAN', 4, 17, 'Antiguo', 1200000, 506, 2, 2, 1, 2780000, 0),
(507, 'YERSON DAVID PADILLA MENDOZA', 4, 18, 'Antiguo', 1200000, 507, 2, 2, 1, 2650000, 0),
(508, 'DAVID  ARDILA RAMIREZ', 2, 5, 'Antiguo', 450000, 508, 1, 1, 1, 2800000, 0),
(509, 'BRIAN STIVEN CARDONA PE?A', 2, 3, 'Antiguo', 745000, 509, 2, 1, 1, 3150000, 0),
(510, 'LAURA SOFIA NARANJO CACERES', 3, 11, 'Antiguo', 2100000, 510, 3, 2, 1, 3500000, 0),
(511, 'KREISY MILENA SOTELO FABRA', 3, 11, 'Antiguo', 2100000, 511, 3, 2, 1, 3500000, 0),
(512, 'DANIEL FELIPE SUAREZ LOPEZ', 2, 5, 'Antiguo', 700000, 512, 2, 1, 1, 2800000, 0),
(513, 'SEBASTIAN ALEXANDER BETANCUR VELEZ', 4, 15, 'Antiguo', 2600000, 513, 3, 2, 1, 4800000, 0),
(514, 'YANELIS  BAUTISTA RODRIGUEZ', 4, 17, 'Antiguo', 1200000, 514, 2, 2, 1, 2780000, 0),
(515, 'LEVINTON  SANCHEZ GUTIERREZ', 3, 11, 'Antiguo', 2100000, 515, 3, 2, 1, 3500000, 0),
(516, 'BRAYAN STIVE MEZA HOYOS', 2, 3, 'Antiguo', 745000, 516, 2, 1, 1, 3150000, 0),
(517, 'JUAN PABLO ZULUAGA PEREZ', 3, 10, 'Antiguo', 2100000, 517, 3, 2, 1, 3550000, 0),
(518, 'MIGUEL ANGEL CASTA?EDA VILLA', 3, 13, 'Antiguo', 2600000, 518, 3, 2, 1, 2200000, 0),
(519, 'NELSON ALEXANDER ALVAREZ RODRIGUEZ', 3, 13, 'Antiguo', 2600000, 519, 3, 2, 1, 2200000, 0),
(520, 'JUAN PABLO BLANCO RAMIREZ', 3, 10, 'Antiguo', 2100000, 520, 3, 2, 1, 3550000, 0),
(521, 'CAMILO ANDRES NARANJO DAVID', 2, 4, 'Antiguo', 745000, 521, 2, 1, 1, 3450000, 0),
(522, 'CARLOS FELIPE ALVAREZ ', 2, 4, 'Antiguo', 745000, 522, 2, 1, 1, 3450000, 0),
(523, 'HIBERSON  PALACIO PALACIO', 2, 7, 'Antiguo', 130000, 523, 1, 1, 1, 3500000, 0),
(524, 'NICOLAS DAVID MARIN ARIAS', 3, 14, 'Antiguo', 2600000, 524, 3, 2, 1, 2150000, 0),
(525, 'JUAN SEBASTIAN HERNANDEZ MUSKUS', 3, 10, 'Antiguo', 2100000, 525, 3, 2, 1, 3550000, 0),
(526, 'BRAYAN ESTIBEN CUESTA MOTA?O', 2, 3, 'Antiguo', 745000, 526, 2, 1, 1, 3150000, 0),
(527, 'LUIS ANTONIO LOPEZ CORREA', 3, 12, 'Antiguo', 2100000, 527, 3, 2, 1, 2800000, 0),
(528, 'JUAN CAMILO CORREA CORREA', 2, 10, 'Antiguo', 870000, 528, 2, 1, 1, 3550000, 0),
(529, 'JOEL ALEJANDRO RAMIREZ HERNANDEZ', 2, 10, 'Antiguo', 130000, 529, 1, 1, 1, 3550000, 0),
(530, 'RONAL  FLOREZ BURITICA', 4, 14, 'Antiguo', 2600000, 530, 3, 2, 1, 2150000, 0),
(531, 'YARIZA  ORDO?EZ BELTRAN', 4, 18, 'Antiguo', 1200000, 531, 2, 2, 1, 2650000, 0),
(532, 'YARIZA  ORDO?EZ BELTRAN', 4, 18, 'Antiguo', 1200000, 532, 2, 2, 1, 2650000, 0),
(533, 'DANIELA  GOMEZ LOAIZA', 2, 5, 'Antiguo', 450000, 533, 1, 1, 1, 2800000, 0),
(534, 'KAREN LORENA TABORDA GOMEZ', 3, 10, 'Antiguo', 2100000, 534, 3, 2, 1, 3550000, 0),
(535, 'VALENTINA  RIVERA BOLIVAR', 4, 16, 'Antiguo', 1200000, 535, 2, 2, 1, 3170000, 0),
(536, 'DANIELA  MERCADO PE?ATE', 2, 5, 'Antiguo', 450000, 536, 1, 1, 1, 2800000, 0),
(537, 'AROM MALKY LEMA CASTA?EDA', 2, 2, 'Antiguo', 850000, 537, 2, 1, 1, 3100000, 0),
(538, 'CARLOS JOSUE ORELLANOS LANDAZABAL', 2, 4, 'Antiguo', 745000, 538, 2, 1, 1, 3450000, 0),
(539, 'SERGIO ANDRES ZULUAGA BEDOYA', 4, 15, 'Antiguo', 2600000, 539, 3, 2, 1, 4800000, 0),
(540, 'WENDY LORAINE ZARATE VERGARA', 4, 16, 'Antiguo', 1200000, 540, 2, 2, 1, 3170000, 0),
(541, 'NESTOR ENRIQUE CHAPARRO BAUTISTA', 3, 13, 'Antiguo', 2600000, 541, 3, 2, 1, 2200000, 0),
(542, 'MARYOLIS NONE MEZA HOYOS', 3, 13, 'Antiguo', 2100000, 542, 3, 2, 1, 2200000, 0),
(543, 'MIGUEL ALEJANDRO RUIZ CONTRERAS', 3, 13, 'Antiguo', 2600000, 543, 3, 2, 1, 2200000, 0),
(544, 'JUAN DAVID BEJARANO BERMUDEZ', 2, 10, 'Antiguo', 2100000, 544, 3, 2, 1, 3550000, 0),
(545, 'JUAN SEBASTIAN MEJIA SIERRA', 3, 10, 'Antiguo', 2100000, 545, 3, 2, 1, 3550000, 0),
(546, 'ASLY KATALINA ACOSTA OSPINA', 2, 3, 'Antiguo', 850000, 546, 2, 1, 1, 3150000, 0),
(547, 'JHONATAN DANIEL MOSQUERA AGUILAR', 2, 9, 'Antiguo', 130000, 547, 1, 1, 1, 3900000, 0),
(548, 'ANGIE LISETH ROJAS PE?A', 2, 2, 'Antiguo', 850000, 548, 2, 1, 1, 3100000, 0),
(549, 'JOSE LUIS MORALES QUIROZ', 2, 10, 'Antiguo', 870000, 549, 2, 1, 1, 3550000, 0),
(550, 'RICHARD YINOVIS GORDILLO MADRID', 4, 14, 'Antiguo', 2600000, 550, 3, 2, 1, 2150000, 0),
(551, 'JUAN PABLO GOMEZ ECHEVERRY', 3, 10, 'Antiguo', 2100000, 551, 3, 2, 1, 3550000, 0),
(552, 'EMMANUEL  ESCOBAR RIOS', 2, 6, 'Antiguo', 450000, 552, 1, 1, 1, 3450000, 0),
(553, 'JUAN FELIPE PEREZ GARCIA', 3, 10, 'Antiguo', 2100000, 553, 3, 2, 1, 3550000, 0),
(554, 'DARLY YULIETH GOMEZ GOMEZ', 2, 5, 'Antiguo', 450000, 554, 1, 1, 1, 2800000, 0),
(555, 'YULIETH KARINA ALAPE HERRERA', 4, 19, 'Antiguo', 1200000, 555, 2, 2, 1, 2450000, 0),
(556, 'EDWIN LUIS GUZMAN HERNANDEZ', 2, 6, 'Antiguo', 450000, 556, 1, 1, 1, 3450000, 0),
(557, 'CRISTIAN EMANUEL MERA CUERVO', 2, 4, 'Antiguo', 700000, 557, 2, 1, 1, 3450000, 0),
(558, 'JOSE GABRIEL ZAPATA GUITIEREZ', 2, 10, 'Antiguo', 870000, 558, 2, 1, 1, 3550000, 0),
(559, 'SANTIAGO  CHAVARRIAGA ', 4, 15, 'Antiguo', 2600000, 559, 3, 2, 1, 4800000, 0),
(560, 'SUSANA  CANO CASTA?EDA', 4, 16, 'Antiguo', 1200000, 560, 2, 2, 1, 3170000, 0),
(561, 'JUAN CARLOS MARIANO MONTERO', 2, 10, 'Antiguo', 2100000, 561, 3, 1, 1, 3550000, 0),
(562, 'MARIA JOSE TORRES SANCHEZ', 3, 12, 'Antiguo', 2100000, 562, 3, 2, 1, 2800000, 0),
(563, 'YULEIDYS PAOLA CONTRERAS BUELVAS', 4, 19, 'Antiguo', 1200000, 563, 2, 2, 1, 2450000, 0),
(564, 'DEIVITH STIVETH PINEDA RODRIGUEZ', 2, 5, 'Antiguo', 450000, 564, 1, 1, 1, 2800000, 0),
(565, 'GERMAN ALFONSO REYES GARZON', 2, 7, 'Antiguo', 130000, 565, 1, 1, 1, 3500000, 0),
(566, 'FELIPE  POSADA BRAVO', 2, 7, 'Antiguo', 450000, 566, 1, 1, 1, 3500000, 0),
(567, 'MATEO  DAZA HENAO', 3, 13, 'Antiguo', 2100000, 567, 3, 2, 1, 2200000, 0),
(568, 'JUAN CARLOS ARANGO MAYA', 2, 10, 'Antiguo', 870000, 568, 2, 1, 1, 3550000, 0),
(569, 'ANDRES DAVID GALLEGO ECHAVARRIA', 2, 1, 'Antiguo', 850000, 569, 2, 1, 1, 3500000, 0),
(570, 'NASLY ISABELLA VELEZ MU?OZ', 3, 13, 'Antiguo', 2600000, 570, 3, 2, 1, 2200000, 0),
(571, 'JULIAN  PARIAS ARANGO', 3, 10, 'Antiguo', 2100000, 571, 3, 2, 1, 3550000, 0);
INSERT INTO `estudiantes` (`Id_Estudiante`, `Nombre`, `Estrato`, `Id_Carrera`, `Tipo_Estudiante`, `Ingresos_Estudiante`, `Id_Deudor`, `Id_sedes`, `Id_TipoPago`, `Id_Programa`, `Valor_matricula`, `id_entidad`) VALUES
(572, 'MATIAS  AGUDELO CARDONA', 3, 13, 'Antiguo', 2100000, 572, 3, 2, 1, 2200000, 0),
(573, 'SANTIAGO  OSPINA VASCO', 4, 15, 'Antiguo', 2600000, 573, 3, 2, 1, 4800000, 0),
(574, 'MARIA CAMILA OROZCO MEJIA', 3, 12, 'Antiguo', 2100000, 574, 3, 2, 1, 2800000, 0),
(575, 'RICHARA MICHEL ACOSTA JARAMILLO', 4, 14, 'Antiguo', 2600000, 575, 3, 2, 1, 2150000, 0),
(576, 'VALERIA  GOMEZ SERNA', 4, 16, 'Antiguo', 1200000, 576, 2, 2, 1, 3170000, 0),
(577, 'PAULINA  GRANADA JIMENEZ', 4, 14, 'Antiguo', 2600000, 577, 3, 2, 1, 2150000, 0),
(578, 'CARLOS ARTURO GIRALDO LEZCANO', 2, 4, 'Antiguo', 745000, 578, 2, 1, 1, 3450000, 0),
(579, 'KEINER  SANCHEZ CHONA', 3, 11, 'Antiguo', 2100000, 579, 3, 2, 1, 3500000, 0),
(580, 'JUAN ESTEBAN CARMONA QUIROGA', 3, 10, 'Antiguo', 2100000, 580, 3, 2, 1, 3550000, 0),
(581, 'DICKSON ANDREI BARRETO ESTUPI?AN', 2, 5, 'Antiguo', 450000, 581, 1, 1, 1, 2800000, 0),
(582, 'KARLA KRISTINA MARTINEZ MURIEL', 3, 11, 'Antiguo', 2100000, 582, 3, 2, 1, 3500000, 0),
(583, 'SANDRA MILENA ORTIZ CORREA', 4, 15, 'Antiguo', 2600000, 583, 3, 2, 1, 4800000, 0),
(584, 'BAYRON ENRIQUE GOMEZ MURILLO', 2, 3, 'Antiguo', 745000, 584, 2, 1, 1, 3150000, 0),
(585, 'DAYANA KATERINE ZARATE VERGARA', 2, 5, 'Antiguo', 450000, 585, 1, 1, 1, 2800000, 0),
(586, 'JUAN ESTEBAN RICO TORRES', 3, 10, 'Antiguo', 2100000, 586, 3, 2, 1, 3550000, 0),
(587, 'YILBER ALEJANDRO MU?OZ MU?OZ', 4, 18, 'Antiguo', 1200000, 587, 2, 2, 1, 2650000, 0),
(588, 'DEIBER LUIS AYOLA ESCOBAR', 2, 5, 'Antiguo', 450000, 588, 1, 1, 1, 2800000, 0),
(589, 'KAREN STEPHANIE AGUDELO BORBON', 3, 10, 'Antiguo', 2100000, 589, 3, 2, 1, 3550000, 0),
(590, 'OMAR ANDRES RODRIGUEZ ANAYA', 3, 14, 'Antiguo', 2600000, 590, 3, 2, 1, 2150000, 0),
(591, 'MATEO  GUTIERREZ RODRIGUEZ', 3, 13, 'Antiguo', 2100000, 591, 3, 2, 1, 2200000, 0),
(592, 'ISABELLA  SANCHEZ BETANCUR', 2, 7, 'Antiguo', 130000, 592, 1, 1, 1, 3500000, 0),
(593, 'RONALDO ANDRES MENDOZA TINOCO', 4, 14, 'Antiguo', 2600000, 593, 3, 2, 1, 2150000, 0),
(594, 'SEBASTIAN  GUISAO IDARRAGA', 4, 15, 'Antiguo', 2600000, 594, 3, 2, 1, 4800000, 0),
(595, 'JAINER DAVID SANCHEZ SE?A', 2, 8, 'Antiguo', 130000, 595, 1, 1, 1, 3680000, 0),
(596, 'GILMAR JESUS NIEBLES TORRES', 2, 7, 'Antiguo', 130000, 596, 1, 1, 1, 3500000, 0),
(597, 'CARLOS EDUARDO AGAMEZ MARTINEZ', 2, 4, 'Antiguo', 745000, 597, 2, 1, 1, 3450000, 0),
(598, 'DANNY ADRIANA RODRIGUEZ BEDOYA', 2, 5, 'Antiguo', 450000, 598, 1, 1, 1, 2800000, 0),
(599, 'MANUEL FELIPE SABOGAL RIVERA', 3, 12, 'Antiguo', 2100000, 599, 3, 2, 1, 2800000, 0),
(600, 'BLEIDIS PAOLA SANABRIA CASTRO', 2, 3, 'Antiguo', 745000, 600, 2, 1, 1, 3150000, 0),
(601, 'LUIS CARLOS PALACIO PALACIO', 3, 12, 'Antiguo', 2100000, 601, 3, 2, 1, 2800000, 0),
(602, 'JOSE GABRIEL DAGER ZU?IGA', 2, 10, 'Antiguo', 870000, 602, 2, 1, 1, 3550000, 0),
(603, 'KENDI DAYANA MU?OZ BENAVIDES', 3, 11, 'Antiguo', 2100000, 603, 3, 2, 1, 3500000, 0),
(604, 'DAVID ALEJANDRO GOMEZ GONZALIA', 2, 5, 'Antiguo', 450000, 604, 1, 1, 1, 2800000, 0),
(605, 'WENDY DANIELA CARDENAS ALCARAZ', 4, 16, 'Antiguo', 1200000, 605, 2, 2, 1, 3170000, 0),
(606, 'VALERY SACHET LEAL ESTUPI?AN', 4, 16, 'Antiguo', 1200000, 606, 2, 2, 1, 3170000, 0),
(607, 'DANIEL ESTEBAN MELENDRES GARZON', 2, 5, 'Antiguo', 700000, 607, 2, 1, 1, 2800000, 0),
(608, 'JEFFERSON ANDRES AMAYA GUERRERO', 2, 8, 'Antiguo', 130000, 608, 1, 1, 1, 3680000, 0),
(609, 'JHOAN SEBASTIAN PEREZ LOZANO', 2, 9, 'Antiguo', 130000, 609, 1, 1, 1, 3900000, 0),
(610, 'FREDY  CORREA CASTA?EDA', 2, 7, 'Antiguo', 450000, 610, 1, 1, 1, 3500000, 0),
(611, 'NORBERTO  HOLGUIN TORRES', 3, 14, 'Antiguo', 2600000, 611, 3, 2, 1, 2150000, 0),
(612, 'RONAL STIVEN RUIZ FUENTES', 4, 14, 'Antiguo', 2600000, 612, 3, 2, 1, 2150000, 0),
(613, 'NATALIA ANDREA RAMIREZ HERNANDEZ', 3, 13, 'Antiguo', 2600000, 613, 3, 2, 1, 2200000, 0),
(614, 'KAREN LIZETH JARA ACOSTA', 3, 10, 'Antiguo', 2100000, 614, 3, 2, 1, 3550000, 0),
(615, 'JEISSON STEVEN HERRERA SANDOVAL', 2, 9, 'Antiguo', 130000, 615, 1, 1, 1, 3900000, 0),
(616, 'CAMILO ANDRES VARGAS PULIDO', 2, 4, 'Antiguo', 745000, 616, 2, 1, 1, 3450000, 0),
(617, 'SANTIAGO  MAZO GALEANO', 4, 15, 'Antiguo', 2600000, 617, 3, 2, 1, 4800000, 0),
(618, 'SUSANA  CANO CASTA?EDA', 4, 16, 'Antiguo', 1200000, 618, 2, 2, 1, 3170000, 0),
(619, 'VICTOR MANUEL MU?OZ BENITEZ', 4, 16, 'Antiguo', 1200000, 619, 2, 2, 1, 3170000, 0),
(620, 'JUAN PABLO RAMIREZ RAGA', 3, 10, 'Antiguo', 2100000, 620, 3, 2, 1, 3550000, 0),
(621, 'MAURICIO MANUEL YANCES ORTIZ', 3, 13, 'Antiguo', 2100000, 621, 3, 2, 1, 2200000, 0),
(622, 'JOSE GABRIEL ZAPATA GUTIERREZ', 2, 10, 'Antiguo', 870000, 622, 2, 1, 1, 3550000, 0),
(623, 'SHEYLA NONE JAMBOOS VELASQUEZ', 4, 16, 'Antiguo', 2600000, 623, 3, 2, 1, 3170000, 0),
(624, 'PAULA FERNANDA GONZALEZ OLIVEROS', 4, 14, 'Antiguo', 2600000, 624, 3, 2, 1, 2150000, 0),
(625, 'JHOJAN ARLETH NOVOA GROSSO', 2, 9, 'Antiguo', 130000, 625, 1, 1, 1, 3900000, 0),
(626, 'LAURA DAYANA CA?ON ACOSTA', 3, 11, 'Antiguo', 2100000, 626, 3, 2, 1, 3500000, 0),
(627, 'ANA XIMENA MURCIA LINARES', 2, 1, 'Antiguo', 850000, 627, 2, 1, 1, 3500000, 0),
(628, 'BRAYAN STIVEN BELTRAN LONDO?O', 2, 3, 'Antiguo', 745000, 628, 2, 1, 1, 3150000, 0),
(629, 'WENDY VALENTINA MARTINEZ VIVAS', 4, 16, 'Antiguo', 1200000, 629, 2, 2, 1, 3170000, 0),
(630, 'DANNA SOFIA AMEZQUITA MESA', 2, 5, 'Antiguo', 450000, 630, 1, 1, 1, 2800000, 0),
(631, 'DAVID  RAMIREZ ARDILA', 2, 5, 'Antiguo', 450000, 631, 1, 1, 1, 2800000, 0),
(632, 'WENDY JISETH RAMIREZ POLO', 4, 16, 'Antiguo', 1200000, 632, 2, 2, 1, 3170000, 0),
(633, 'DARWIN ANDRES PEREZ CRUZ', 2, 5, 'Antiguo', 450000, 633, 1, 1, 1, 2800000, 0),
(634, 'MARIA FERNANDA ROJAS MONSALVE', 3, 12, 'Antiguo', 2100000, 634, 3, 2, 1, 2800000, 0),
(635, 'SALOME  GUTIERREZ MESA', 4, 15, 'Antiguo', 2600000, 635, 3, 2, 1, 4800000, 0),
(636, 'ANA VICTORIA BASILIO VIERA', 2, 1, 'Antiguo', 850000, 636, 2, 1, 1, 3500000, 0),
(637, 'KENDRY PAOLA PUSHAINA EPINAYU', 3, 11, 'Antiguo', 2100000, 637, 3, 2, 1, 3500000, 0),
(638, 'JULIAN DAVID LOPEZ GALVIS', 3, 10, 'Antiguo', 2100000, 638, 3, 2, 1, 3550000, 0),
(639, 'ROCIO BIANETH PEREZ BENITEZ', 4, 14, 'Antiguo', 2600000, 639, 3, 2, 1, 2150000, 0),
(640, 'LAURA VANESSA MONSALVE CACERES', 3, 11, 'Antiguo', 2100000, 640, 3, 2, 1, 3500000, 0),
(641, 'DANIELA ALEJANDRA PARRA LASTRA', 2, 5, 'Antiguo', 450000, 641, 1, 1, 1, 2800000, 0),
(642, 'SEBASTIAN DAVID SIERRA SOLANO', 4, 15, 'Antiguo', 2600000, 642, 3, 2, 1, 4800000, 0),
(643, 'JUAN PABLO BERMUDEZ SANCHEZ', 3, 10, 'Antiguo', 2100000, 643, 3, 2, 1, 3550000, 0),
(644, 'JOHANA PATRICIA ARIZA MERCADO', 2, 10, 'Antiguo', 130000, 644, 1, 1, 1, 3550000, 0),
(645, 'ALEJANDRO  GOMEZ ACEVEDO', 2, 1, 'Antiguo', 850000, 645, 2, 1, 1, 3500000, 0),
(646, 'JOHANA MARIA BLANCO IBA?EZ', 2, 10, 'Antiguo', 130000, 646, 1, 1, 1, 3550000, 0),
(647, 'JUAN ALFREDO SERNA ', 2, 10, 'Antiguo', 870000, 647, 2, 1, 1, 3550000, 0),
(648, 'LUIS MARIO IZQUIERDO MONTES', 3, 12, 'Antiguo', 2100000, 648, 3, 2, 1, 2800000, 0),
(649, 'YARIT LORENA MONTERO TORRES', 4, 18, 'Antiguo', 1200000, 649, 2, 2, 1, 2650000, 0),
(650, 'JHON ALEX MERCADO POLO', 2, 9, 'Antiguo', 130000, 650, 1, 1, 1, 3900000, 0),
(651, 'MATEO  VERGARA CARMONA', 3, 13, 'Antiguo', 2100000, 651, 3, 2, 1, 2200000, 0),
(652, 'NEIDY DAYANA CA?ON SANCHEZ', 3, 13, 'Antiguo', 2600000, 652, 3, 2, 1, 2200000, 0),
(653, 'KEVIN ALEXANDER MARTINEZ LOZANO', 3, 11, 'Antiguo', 2100000, 653, 3, 2, 1, 3500000, 0),
(654, 'YULI MARIANA ZAMARA ORREGO', 4, 19, 'Antiguo', 1200000, 654, 2, 2, 1, 2450000, 0),
(655, 'NICOLAS ANDRES LIZCANO URIBE', 3, 14, 'Antiguo', 2600000, 655, 3, 2, 1, 2150000, 0),
(656, 'MARCOS  LOPEZ TABARES', 3, 12, 'Antiguo', 2100000, 656, 3, 2, 1, 2800000, 0),
(657, 'DUVAN ARLEY GOMEZ VANEGAS', 2, 6, 'Antiguo', 450000, 657, 1, 1, 1, 3450000, 0),
(658, 'CAMILA ANDREA MARTINEZ CLAROS', 2, 3, 'Antiguo', 745000, 658, 2, 1, 1, 3150000, 0),
(659, 'HICKDOMIZ  PEDROZO CAMPO', 2, 7, 'Antiguo', 130000, 659, 1, 1, 1, 3500000, 0),
(660, 'ESTEBAN  LONDO?O QUINTERO', 2, 7, 'Antiguo', 450000, 660, 1, 1, 1, 3500000, 0),
(661, 'LAURA ESTEFANI JACOME LASSO', 3, 11, 'Antiguo', 2100000, 661, 3, 2, 1, 3500000, 0),
(662, 'OSCAR SANTIAGO LEON ZABALA', 3, 14, 'Antiguo', 2600000, 662, 3, 2, 1, 2150000, 0),
(663, 'NELSON FERNEY RODRIGUEZ CARVAJAL', 3, 13, 'Antiguo', 2600000, 663, 3, 2, 1, 2200000, 0),
(664, 'HERNALDO JOSE CARO BUELVAS', 2, 7, 'Antiguo', 130000, 664, 1, 1, 1, 3500000, 0),
(665, 'SOL VALENTINA GOMEZ CUERVO', 4, 16, 'Antiguo', 1200000, 665, 2, 2, 1, 3170000, 0),
(666, 'SHAROM TATIANA PLATA RINCON', 4, 16, 'Antiguo', 2600000, 666, 3, 2, 1, 3170000, 0),
(667, 'SANTIAGO ANDRES PALACIOS MUESES', 4, 15, 'Antiguo', 2600000, 667, 3, 2, 1, 4800000, 0),
(668, 'LAUREN PATRITK RAMIREZ POLO', 3, 11, 'Antiguo', 2100000, 668, 3, 2, 1, 3500000, 0),
(669, 'JUAN ESTEBAN PULGARIN GALEANO', 3, 10, 'Antiguo', 2100000, 669, 3, 2, 1, 3550000, 0),
(670, 'HECTOR HERNAN HERNANDEZ VILLAMIL', 2, 7, 'Antiguo', 130000, 670, 1, 1, 1, 3500000, 0),
(671, 'JULIAN DAVID ACOSTA PAEZ', 3, 10, 'Antiguo', 2100000, 671, 3, 2, 1, 3550000, 0),
(672, 'DEIBER ALEJANDRO RAMIREZ MOLINA', 2, 5, 'Antiguo', 450000, 672, 1, 1, 1, 2800000, 0),
(673, 'MARYI JIMENA GUTIERREZ RAYO', 3, 13, 'Antiguo', 2100000, 673, 3, 2, 1, 2200000, 0),
(674, 'MARIA JOSE SALAZAR ISAZA', 3, 12, 'Antiguo', 2100000, 674, 3, 2, 1, 2800000, 0),
(675, 'FERNANDO DAVID SANCHEZ GUTIERREZ', 2, 7, 'Antiguo', 450000, 675, 1, 1, 1, 3500000, 0),
(676, 'JHON DEIBY QUINTERO MARULANDA', 2, 9, 'Antiguo', 130000, 676, 1, 1, 1, 3900000, 0),
(677, 'CAROLINA  CHAMAT BECHARA', 2, 4, 'Antiguo', 700000, 677, 2, 1, 1, 3450000, 0),
(678, 'MARIA FERNADA ACEROS CONTRERAS', 3, 12, 'Antiguo', 2100000, 678, 3, 2, 1, 2800000, 0),
(679, 'MAXIMILIANO  GUTIERREZ ZAPATA', 3, 13, 'Antiguo', 2100000, 679, 3, 2, 1, 2200000, 0),
(680, 'NATALIA  GONZALEZ ACEVEDO', 3, 13, 'Antiguo', 2600000, 680, 3, 2, 1, 2200000, 0),
(681, 'JEISON ALEXANDER MENDOZA HERNADEZ', 2, 8, 'Antiguo', 130000, 681, 1, 1, 1, 3680000, 0),
(682, 'LUIS DAVID SALAZAR AGUDELO', 3, 12, 'Antiguo', 2100000, 682, 3, 2, 1, 2800000, 0),
(683, 'JUAN JOSE RESTREPO ROJAS', 3, 10, 'Antiguo', 2100000, 683, 3, 2, 1, 3550000, 0),
(684, 'CLAUDIA TATIANA SIMANCA ARCIRIA', 2, 4, 'Antiguo', 700000, 684, 2, 1, 1, 3450000, 0),
(685, 'JUAN JOSE HENAO HINCAPIE', 3, 10, 'Antiguo', 2100000, 685, 3, 2, 1, 3550000, 0),
(686, 'JHONATAN  GIRALDO CARMONA', 2, 9, 'Antiguo', 130000, 686, 1, 1, 1, 3900000, 0),
(687, 'JULIAN ALEXIS HENAO PELAEZ', 3, 10, 'Antiguo', 2100000, 687, 3, 2, 1, 3550000, 0),
(688, 'BLANCA MARIA MU?OZ TOLEDO', 2, 3, 'Antiguo', 745000, 688, 2, 1, 1, 3150000, 0),
(689, 'JESUS ALGELIDO HERNANDEZ SALCEDO', 2, 9, 'Antiguo', 130000, 689, 1, 1, 1, 3900000, 0),
(690, 'MARIA FERNANDA HENAO PALACIO', 3, 12, 'Antiguo', 2100000, 690, 3, 2, 1, 2800000, 0),
(691, 'JESUS DAVID FLOREZ CARMONA', 2, 9, 'Antiguo', 130000, 691, 1, 1, 1, 3900000, 0),
(692, 'JAIDER  CANO SERNA', 2, 7, 'Antiguo', 130000, 692, 1, 1, 1, 3500000, 0),
(693, 'GUSTAVO ADOLFO HERNANDEZ SOLANO', 2, 7, 'Antiguo', 130000, 693, 1, 1, 1, 3500000, 0),
(694, 'BRAYAN ESNEIDER CHAPARRO CHAPARRO', 2, 3, 'Antiguo', 745000, 694, 2, 1, 1, 3150000, 0),
(695, 'LAURA SOFIA VARGAS PALOMINO', 3, 11, 'Antiguo', 2100000, 695, 3, 2, 1, 3500000, 0),
(696, 'JAIDER SEBASTIAN VARGAS RODRIGUEZ', 2, 7, 'Antiguo', 130000, 696, 1, 1, 1, 3500000, 0),
(697, 'MARIANA  GONZALEZ GUTIERREZ', 3, 12, 'Antiguo', 2100000, 697, 3, 2, 1, 2800000, 0),
(698, 'ASTRID CAROLINA RIA?O GARCIA', 2, 3, 'Antiguo', 850000, 698, 2, 1, 1, 3150000, 0),
(699, 'ADRIANA  MU?OZ PE?A', 2, 1, 'Antiguo', 850000, 699, 2, 1, 1, 3500000, 0),
(700, 'DARWIN STIVEN BRAND GUTIERREZ', 2, 5, 'Antiguo', 450000, 700, 1, 1, 1, 2800000, 0),
(701, 'HOSSER STIVEN MENESES CASTRILLON', 2, 7, 'Antiguo', 130000, 701, 1, 1, 1, 3500000, 0),
(702, 'NAYELIS LORETH SALINAS TORRECILLA', 3, 13, 'Antiguo', 2600000, 702, 3, 2, 1, 2200000, 0),
(703, 'BRIGITH NATALIA LAYTON RAMIREZ', 2, 3, 'Antiguo', 745000, 703, 2, 1, 1, 3150000, 0),
(704, 'JOHANNA ANDREA GUTIERREZ RODRIGUEZ', 2, 10, 'Antiguo', 130000, 704, 1, 1, 1, 3550000, 0),
(705, 'JUAN SEBASTIAN FONTECHA GALEANO', 3, 10, 'Antiguo', 2100000, 705, 3, 2, 1, 3550000, 0),
(706, 'JUAN JOSE LOPEZ REYES', 3, 10, 'Antiguo', 2100000, 706, 3, 2, 1, 3550000, 0),
(707, 'ANGIE NATALIA RODRIGUEZ RODRIGUEZ', 2, 2, 'Antiguo', 850000, 707, 2, 1, 1, 3100000, 0),
(708, 'MATEO  ISAZA CATA?O', 3, 13, 'Antiguo', 2100000, 708, 3, 2, 1, 2200000, 0),
(709, 'CAROLAY  ROSADO RAMIREZ', 2, 4, 'Antiguo', 745000, 709, 2, 1, 1, 3450000, 0),
(710, 'VALERY TATIANA AVENDA?O GARCIA', 4, 16, 'Antiguo', 1200000, 710, 2, 2, 1, 3170000, 0),
(711, 'DANIELA  PEINADO ANGULO', 2, 5, 'Antiguo', 450000, 711, 1, 1, 1, 2800000, 0),
(712, 'ISMAEL ANTONIO MARTINEZ MERCADO', 2, 7, 'Antiguo', 130000, 712, 1, 1, 1, 3500000, 0),
(713, 'RAFAEL HUMBERTO GONZALEZ SANCHEZ', 4, 14, 'Antiguo', 2600000, 713, 3, 2, 1, 2150000, 0),
(714, 'JUAN CAMILO GONZALEZ QUINTERO', 2, 10, 'Antiguo', 870000, 714, 2, 1, 1, 3550000, 0),
(715, 'JUAN JOSE QUINTERO FRANCO', 3, 10, 'Antiguo', 2100000, 715, 3, 2, 1, 3550000, 0),
(716, 'WENDY DAHIANA GARCIA DIAZ', 4, 16, 'Antiguo', 1200000, 716, 2, 2, 1, 3170000, 0),
(717, 'ESTEFANIA  JARAMILLO PEREZ', 2, 7, 'Antiguo', 450000, 717, 1, 1, 1, 3500000, 0),
(718, 'LISETH TATIANA CUERVO MATTA', 3, 11, 'Antiguo', 2100000, 718, 3, 2, 1, 3500000, 0),
(719, 'ESTEFANI  SALOM OLMOS', 2, 7, 'Antiguo', 450000, 719, 1, 1, 1, 3500000, 0),
(720, 'JAZMIN TATIANA CARO RESTREPO', 2, 8, 'Antiguo', 130000, 720, 1, 1, 1, 3680000, 0),
(721, 'CARLOS ANDRES AVILA BOHORQUEZ', 2, 4, 'Antiguo', 745000, 721, 2, 1, 1, 3450000, 0),
(722, 'YEISON RICARDO BAYONA GARAY', 4, 18, 'Antiguo', 1200000, 722, 2, 2, 1, 2650000, 0),
(723, 'JHUDY ANDREA MU?OZ ', 2, 10, 'Antiguo', 130000, 723, 1, 1, 1, 3550000, 0),
(724, 'ANDRES ALEXANDER SANTANA DEVIS', 2, 1, 'Antiguo', 850000, 724, 2, 1, 1, 3500000, 0),
(725, 'ANDRES ALEXANDER SANTANA DEVIS', 2, 1, 'Antiguo', 850000, 725, 2, 1, 1, 3500000, 0),
(726, 'YEIDIS   YULIETH CARDE?O LOPEZ', 4, 18, 'Antiguo', 1200000, 726, 2, 2, 1, 2650000, 0),
(727, 'YEIDIS   YULIETH CARDE?O LOPEZ', 4, 18, 'Antiguo', 1200000, 727, 2, 2, 1, 2650000, 0),
(728, 'OSMAN ANDRES BERNAL ', 4, 14, 'Antiguo', 2600000, 728, 3, 2, 1, 2150000, 0),
(729, 'YERITZA NALLELY HERNANDEZ MARROQUIN', 4, 18, 'Antiguo', 1200000, 729, 2, 2, 1, 2650000, 0),
(730, 'JEIMMY KATHERINE FORERO PAEZ', 2, 8, 'Antiguo', 130000, 730, 1, 1, 1, 3680000, 0),
(731, 'MAICOL ANDRES ALVAREZ AMAYA', 3, 12, 'Antiguo', 2100000, 731, 3, 2, 1, 2800000, 0),
(732, 'LISETH ADRIANA ALVAREZ LARGO', 3, 11, 'Antiguo', 2100000, 732, 3, 2, 1, 3500000, 0),
(733, 'DAVID ALEXANDER LLANOS SUCERQUIA', 2, 5, 'Antiguo', 450000, 733, 1, 1, 1, 2800000, 0),
(734, 'JOSE DARIO HERNANDEZ MONTALVO', 2, 10, 'Antiguo', 870000, 734, 2, 1, 1, 3550000, 0),
(735, 'MAYER YESID MARTINEZ DIZU', 3, 13, 'Antiguo', 2100000, 735, 3, 2, 1, 2200000, 0),
(736, 'CATALINA  LOPEZ ZAPATA', 2, 4, 'Antiguo', 700000, 736, 2, 1, 1, 3450000, 0),
(737, 'MATEO  LONDO?O CARDONA', 3, 13, 'Antiguo', 2100000, 737, 3, 2, 1, 2200000, 0),
(738, 'CRISTIAN CAMILO SALAS ORTEGA', 2, 4, 'Antiguo', 700000, 738, 2, 1, 1, 3450000, 0),
(739, 'LEIDY JHOANA SUAREZ CASTA?O', 3, 11, 'Antiguo', 2100000, 739, 3, 2, 1, 3500000, 0),
(740, 'LEIDI VANESA PEREZ BENITEZ', 3, 11, 'Antiguo', 2100000, 740, 3, 2, 1, 3500000, 0),
(741, 'YISELA FERNANDA VELEZ TORRES', 4, 18, 'Antiguo', 1200000, 741, 2, 2, 1, 2650000, 0),
(742, 'WEIMAR  MU?OZ ORREGO', 4, 16, 'Antiguo', 1200000, 742, 2, 2, 1, 3170000, 0),
(743, 'DAURIS YARITZAS CARDENAS BUITRAGO', 2, 5, 'Antiguo', 450000, 743, 1, 1, 1, 2800000, 0),
(744, 'JHOJAN LEANDRO TAMAYO GOMEZ', 2, 9, 'Antiguo', 130000, 744, 1, 1, 1, 3900000, 0),
(745, 'DANIELA ANDREA PATI?O ', 2, 5, 'Antiguo', 450000, 745, 1, 1, 1, 2800000, 0),
(746, 'KELLY YOJANA MONTOYA MARTINEZ', 3, 11, 'Antiguo', 2100000, 746, 3, 2, 1, 3500000, 0),
(747, 'OSCAR GUSTAVO ALVARAN IGUARN', 3, 14, 'Antiguo', 2600000, 747, 3, 2, 1, 2150000, 0),
(748, 'ORFA NELLY GOMEZ MARIN', 3, 14, 'Antiguo', 2600000, 748, 3, 2, 1, 2150000, 0),
(749, 'SANTIAGO  ARANGO CADAVID', 4, 15, 'Antiguo', 2600000, 749, 3, 2, 1, 4800000, 0),
(750, 'FREDY SAMUEL DE LA HOZ GUTIERREZ ', 2, 7, 'Antiguo', 450000, 750, 1, 1, 1, 3500000, 0),
(751, 'ELIZABETH  GALLEGO MORENO', 2, 6, 'Antiguo', 450000, 751, 1, 1, 1, 3450000, 0),
(752, 'CRISTIAN FABIAN CUELLAR CULMA', 2, 4, 'Antiguo', 700000, 752, 2, 1, 1, 3450000, 0),
(753, 'MARLON STIVEN SANTANA CASTILLO  ', 3, 13, 'Antiguo', 2100000, 753, 3, 2, 1, 2200000, 0),
(754, 'MARIO FABER VASQUEZ RUIZ', 3, 13, 'Antiguo', 2100000, 754, 3, 2, 1, 2200000, 0),
(755, 'MOISES ALBERTO BETANCUR ', 3, 13, 'Antiguo', 2600000, 755, 3, 2, 1, 2200000, 0),
(756, 'LUZ MARIBEL PEREZ PELAEZ', 3, 12, 'Antiguo', 2100000, 756, 3, 2, 1, 2800000, 0),
(757, 'HENRY ALEXANDER CATA?O ', 2, 7, 'Antiguo', 130000, 757, 1, 1, 1, 3500000, 0),
(758, 'YOSSER STIWARD GAMBOA BARRERA', 4, 19, 'Antiguo', 1200000, 758, 2, 2, 1, 2450000, 0),
(759, 'ANA MARIA GUTIRREZ PALENCIA', 2, 1, 'Antiguo', 850000, 759, 2, 1, 1, 3500000, 0),
(760, 'RUBIELA  ROVIRA MENA', 4, 15, 'Antiguo', 2600000, 760, 3, 2, 1, 4800000, 0),
(761, 'MARIA CRISTINA CANO ', 3, 12, 'Antiguo', 2100000, 761, 3, 2, 1, 2800000, 0),
(762, 'JUAN PABLO ISAZA OSORIO', 3, 10, 'Antiguo', 2100000, 762, 3, 2, 1, 3550000, 0),
(763, 'DAVID ANDRES MARTINEZ MERCADO', 2, 5, 'Antiguo', 450000, 763, 1, 1, 1, 2800000, 0),
(764, 'FRANKLIN  RANGEL ROJAS', 2, 7, 'Antiguo', 450000, 764, 1, 1, 1, 3500000, 0),
(765, 'JAIRO  JOSE  ESPITIA  CUESTA', 2, 8, 'Antiguo', 130000, 765, 1, 1, 1, 3680000, 0),
(766, 'YISELA  GALLO CARDENAS', 4, 18, 'Antiguo', 1200000, 766, 2, 2, 1, 2650000, 0),
(767, 'CARLOS MANUEL PORTELA ', 2, 4, 'Antiguo', 745000, 767, 2, 1, 1, 3450000, 0),
(768, 'LUIS HUMBERTO ALFONSO MORENO', 3, 12, 'Antiguo', 2100000, 768, 3, 2, 1, 2800000, 0),
(769, 'JUAN CAMILO BUSTAMANTE SANCHEZ', 2, 10, 'Antiguo', 870000, 769, 2, 1, 1, 3550000, 0),
(770, 'ANDRES FELIPE GUTIERREZ RODRIGUEZ', 2, 2, 'Antiguo', 850000, 770, 2, 1, 1, 3100000, 0),
(771, 'MARIA GRACIELA PANTOJA PORTELA', 3, 12, 'Antiguo', 2100000, 771, 3, 2, 1, 2800000, 0),
(772, 'SIMON ANDRES RODRIGUEZ RAMOS', 4, 16, 'Antiguo', 2600000, 772, 3, 2, 1, 3170000, 0),
(773, 'MERALIN PAOLA ARDILA SANCHEZ', 3, 13, 'Antiguo', 2100000, 773, 3, 2, 1, 2200000, 0),
(774, 'MARIA VALENTINA LOPERA LONDO?O', 3, 12, 'Antiguo', 2100000, 774, 3, 2, 1, 2800000, 0),
(775, 'JOHAN SMITH BUELVAS ', 2, 10, 'Antiguo', 130000, 775, 1, 1, 1, 3550000, 0),
(776, 'JUAN ESTEBAN ALEGRIA PATI?O', 3, 10, 'Antiguo', 2100000, 776, 3, 2, 1, 3550000, 0),
(777, 'ANGELLY  JARAMILLO FRANCO', 2, 2, 'Antiguo', 850000, 777, 2, 1, 1, 3100000, 0),
(778, 'LUISA MARIA GIRALDO ZAPATA', 3, 12, 'Antiguo', 2100000, 778, 3, 2, 1, 2800000, 0),
(779, 'YEISON  ROJAS RESTREPO', 4, 18, 'Antiguo', 1200000, 779, 2, 2, 1, 2650000, 0),
(780, 'SARA MANUELA ARCILA HERRERA', 4, 15, 'Antiguo', 2600000, 780, 3, 2, 1, 4800000, 0),
(781, 'JUAN FERNANDO GOMEZ CARDONA', 3, 10, 'Antiguo', 2100000, 781, 3, 2, 1, 3550000, 0),
(782, 'MILDRETH PATRICIA PEREZ GUERRA', 3, 13, 'Antiguo', 2600000, 782, 3, 2, 1, 2200000, 0),
(783, 'JOHAN LEANDRO PORTILLA ', 2, 10, 'Antiguo', 130000, 783, 1, 1, 1, 3550000, 0),
(784, 'HENRY ALBERTO PRESIGA RUIZ', 2, 7, 'Antiguo', 130000, 784, 1, 1, 1, 3500000, 0),
(785, 'JUAN PABLO MARTINEZ BAENA', 3, 10, 'Antiguo', 2100000, 785, 3, 2, 1, 3550000, 0),
(786, 'CLAUDIA NOHEMI MORENO LONDO?O', 2, 4, 'Antiguo', 700000, 786, 2, 1, 1, 3450000, 0),
(787, 'LUIS FERNANDO MORALES ZAPATA', 3, 12, 'Antiguo', 2100000, 787, 3, 2, 1, 2800000, 0),
(788, 'INGRY LICETH CRUZ HERNANDEZ', 2, 7, 'Antiguo', 130000, 788, 1, 1, 1, 3500000, 0),
(789, 'NISSY ALEJANDRA PINZON OBREGON', 3, 14, 'Antiguo', 2600000, 789, 3, 2, 1, 2150000, 0),
(790, 'HECTOR ANDRES VARGAS LOPEZ', 2, 7, 'Antiguo', 130000, 790, 1, 1, 1, 3500000, 0),
(791, 'BRYAN ANDRES PAEZ OCAMPO', 2, 3, 'Antiguo', 745000, 791, 2, 1, 1, 3150000, 0),
(792, 'JUAN PABLO JIMENEZ ZAPATA', 3, 10, 'Antiguo', 2100000, 792, 3, 2, 1, 3550000, 0),
(793, 'ESTIBEN  CARDONA CASTA?EDA', 2, 7, 'Antiguo', 450000, 793, 1, 1, 1, 3500000, 0),
(794, 'JUAN DAVID TEJADA VILLANUEVA', 3, 10, 'Antiguo', 2100000, 794, 3, 2, 1, 3550000, 0),
(795, 'YEFERSON ANDRES LOBO AGUDELO', 4, 18, 'Antiguo', 1200000, 795, 2, 2, 1, 2650000, 0),
(796, 'YESENIA  RIVERA GONZALES', 4, 18, 'Antiguo', 1200000, 796, 2, 2, 1, 2650000, 0),
(797, 'JOSE DAVID COLORADO CANO', 2, 10, 'Antiguo', 870000, 797, 2, 1, 1, 3550000, 0),
(798, 'DIEGO ALEXANDER TADIOY RUIZ', 2, 5, 'Antiguo', 450000, 798, 1, 1, 1, 2800000, 0),
(799, 'YATSURI DAYANA JARAMILLO BETANCUR', 4, 18, 'Antiguo', 1200000, 799, 2, 2, 1, 2650000, 0),
(800, 'YEREIDY  MARTINEZ MENDIETA', 4, 18, 'Antiguo', 1200000, 800, 2, 2, 1, 2650000, 0),
(801, 'VALENTINA  JOYA CORTES', 4, 16, 'Antiguo', 1200000, 801, 2, 2, 1, 3170000, 0),
(802, 'LILY JOHANA SERRANO LASCARRO', 3, 11, 'Antiguo', 2100000, 802, 3, 2, 1, 3500000, 0),
(803, 'ORLAY FABIAN PARRA QUINTERO', 3, 14, 'Antiguo', 2600000, 803, 3, 2, 1, 2150000, 0),
(804, 'DANIEL ESTEBAN VARGAS CASTRILLON', 2, 5, 'Antiguo', 700000, 804, 2, 1, 1, 2800000, 0),
(805, 'MARIANA  SANCHEZ VELEZ', 3, 12, 'Antiguo', 2100000, 805, 3, 2, 1, 2800000, 0),
(806, 'LINA MARCELA CORREA SAN PEDRO  ', 3, 11, 'Antiguo', 2100000, 806, 3, 2, 1, 3500000, 0),
(807, 'KATERINE  OQUENDO ALVARINO', 3, 11, 'Antiguo', 2100000, 807, 3, 2, 1, 3500000, 0),
(808, 'SANTIAGO  VALLE LOPEZ', 4, 15, 'Antiguo', 2600000, 808, 3, 2, 1, 4800000, 0),
(809, 'MARTINEZ HERNANDEZ CAREN LICETH', 3, 13, 'Antiguo', 2100000, 809, 3, 2, 1, 2200000, 0),
(810, 'DIEGO FERNANDO LONDO?O QUINTERO', 2, 5, 'Antiguo', 450000, 810, 1, 1, 1, 2800000, 0),
(811, 'LUIS CARLOS RAMIREZ GALEANO', 3, 12, 'Antiguo', 2100000, 811, 3, 2, 1, 2800000, 0),
(812, 'MONICA FABIOLA GARZON RAMIREZ', 3, 13, 'Antiguo', 2600000, 812, 3, 2, 1, 2200000, 0),
(813, 'OSCAR GUSTAVO ALVARAN IGUARAN', 3, 14, 'Antiguo', 2600000, 813, 3, 2, 1, 2150000, 0),
(814, 'OSCAR LEON OSORIO ', 3, 14, 'Antiguo', 2600000, 814, 3, 2, 1, 2150000, 0),
(815, 'RAMON EVELIO BUITRAGO HINCAPIE', 4, 14, 'Antiguo', 2600000, 815, 3, 2, 1, 2150000, 0),
(816, 'STIVEN ALEXANDER SANABRIA QUICENO', 4, 16, 'Antiguo', 1200000, 816, 2, 2, 1, 3170000, 0),
(817, 'JUAN PABLO GONGORA RAMIREZ', 3, 10, 'Antiguo', 2100000, 817, 3, 2, 1, 3550000, 0),
(818, 'PETER BRANDON ESPICHAN VILLAMIZAR', 4, 14, 'Antiguo', 2600000, 818, 3, 2, 1, 2150000, 0),
(819, 'JORGE EDUAR RAMIREZ TAPASCO', 2, 10, 'Antiguo', 870000, 819, 2, 1, 1, 3550000, 0),
(820, 'JEFFERSON ANDRES HERNANDEZ ', 2, 8, 'Antiguo', 130000, 820, 1, 1, 1, 3680000, 0),
(821, 'ELIAN ANDRES MONROY TRIGOS', 2, 6, 'Antiguo', 450000, 821, 1, 1, 1, 3450000, 0),
(822, 'ANDREA VALENTINA BERBESI VERA', 2, 1, 'Antiguo', 850000, 822, 2, 1, 1, 3500000, 0),
(823, 'HECTOR  TREJOS ', 2, 7, 'Antiguo', 130000, 823, 1, 1, 1, 3500000, 0),
(824, 'DUVAN  AVENDA?O CATA?O', 2, 6, 'Antiguo', 450000, 824, 1, 1, 1, 3450000, 0),
(825, 'ERIKA  PALACIO ', 2, 6, 'Antiguo', 450000, 825, 1, 1, 1, 3450000, 0),
(826, 'JAIDER SAMIR DIAZ BRAVO', 2, 7, 'Antiguo', 130000, 826, 1, 1, 1, 3500000, 0),
(827, 'MELISA  TEJADA MORALES', 3, 13, 'Antiguo', 2100000, 827, 3, 2, 1, 2200000, 0),
(828, 'ANDERSON ESNEY VASQUEZ VARGAS', 2, 1, 'Antiguo', 850000, 828, 2, 1, 1, 3500000, 0),
(829, 'LEIDY DANIELA QUICAZAQUE LOPEZ', 3, 11, 'Antiguo', 2100000, 829, 3, 2, 1, 3500000, 0),
(830, 'DANIEL ESTIVEN VERGARA RIVERA', 2, 5, 'Antiguo', 700000, 830, 2, 1, 1, 2800000, 0),
(831, 'DAMIAN ENRIQUE VILLALBA GIL', 2, 4, 'Antiguo', 700000, 831, 2, 1, 1, 3450000, 0),
(832, 'JONATHAN ALEXIS MORENO PINO', 2, 10, 'Antiguo', 870000, 832, 2, 1, 1, 3550000, 0),
(833, 'LUIS DIEGO CASTILLO AVILA', 3, 12, 'Antiguo', 2100000, 833, 3, 2, 1, 2800000, 0),
(834, 'ANGIE LORENA SALAMANCA ORTIZ', 2, 2, 'Antiguo', 850000, 834, 2, 1, 1, 3100000, 0),
(835, 'YURANI  HERRERA VERGARA', 4, 19, 'Antiguo', 1200000, 835, 2, 2, 1, 2450000, 0),
(836, 'ABRAHAN DAVID GARNICA RODRIGUEZ', 2, 1, 'Antiguo', 850000, 836, 2, 1, 1, 3500000, 0),
(837, 'NEIDER ANDRES LOPEZ SUAREZ', 3, 13, 'Antiguo', 2600000, 837, 3, 2, 1, 2200000, 0),
(838, 'JULIAN DAVID JAIME LEON', 3, 10, 'Antiguo', 2100000, 838, 3, 2, 1, 3550000, 0),
(839, 'DABISON YESID CANO PIEDRAHITA', 2, 4, 'Antiguo', 700000, 839, 2, 1, 1, 3450000, 0),
(840, 'LUIS CAMILO GONZALEZ CARRASCAL', 3, 12, 'Antiguo', 2100000, 840, 3, 2, 1, 2800000, 0),
(841, 'AMI SADAY MESTRA VEGA', 2, 1, 'Antiguo', 850000, 841, 2, 1, 1, 3500000, 0),
(842, 'MIGUEL ALEJANDRO PALACIO GALLEGO', 3, 13, 'Antiguo', 2600000, 842, 3, 2, 1, 2200000, 0),
(843, 'JHON FREDY MOSQUERA GOMEZ', 2, 9, 'Antiguo', 130000, 843, 1, 1, 1, 3900000, 0),
(844, 'BRAYAN  STEVEN SUAREZ  OSPINA', 2, 3, 'Antiguo', 745000, 844, 2, 1, 1, 3150000, 0),
(845, 'BRAYAN ALEXANDER CASTILLO ', 2, 3, 'Antiguo', 745000, 845, 2, 1, 1, 3150000, 0),
(846, 'EDWIN LEONEL BONILLA ROZO', 2, 6, 'Antiguo', 450000, 846, 1, 1, 1, 3450000, 0),
(847, 'MARIA ALEJANDRA HERNANDEZ HERNANDEZ', 3, 12, 'Antiguo', 2100000, 847, 3, 2, 1, 2800000, 0),
(848, 'LUNA KATHERINE CAMPOS MADRID', 3, 12, 'Antiguo', 2100000, 848, 3, 2, 1, 2800000, 0),
(849, 'CRISTIAN DANIEL GRACIANO RUEDA', 2, 4, 'Antiguo', 700000, 849, 2, 1, 1, 3450000, 0),
(850, 'JHON ESTEBAN BENITEZ QUINTERO', 2, 9, 'Antiguo', 130000, 850, 1, 1, 1, 3900000, 0),
(851, 'ESTEFANIA   BOTERO  CHICA ', 2, 7, 'Antiguo', 450000, 851, 1, 1, 1, 3500000, 0),
(852, 'DANIELA  OSSA LONDO?O', 2, 5, 'Antiguo', 450000, 852, 1, 1, 1, 2800000, 0),
(853, 'GERALDI  GRUESO GONZALES', 2, 7, 'Antiguo', 130000, 853, 1, 1, 1, 3500000, 0),
(854, 'JUAN DIEGO CORDOBA VALOYS', 3, 10, 'Antiguo', 2100000, 854, 3, 2, 1, 3550000, 0),
(855, 'CRISTIAN ALVEIRO CASTRILLON RIOS', 2, 4, 'Antiguo', 700000, 855, 2, 1, 1, 3450000, 0),
(856, 'EDUAR ALEXIS MONSALVE BECERRA', 2, 6, 'Antiguo', 450000, 856, 1, 1, 1, 3450000, 0),
(857, 'JULIETH SHIRLEY MORENO MARIN', 3, 10, 'Antiguo', 2100000, 857, 2, 2, 1, 3550000, 0),
(858, 'YULY ANDREA SERRANO CRUZ', 4, 19, 'Antiguo', 1200000, 858, 2, 2, 1, 2450000, 0),
(859, 'JHOSEPS SAMIR MOJICA ', 2, 10, 'Antiguo', 130000, 859, 1, 1, 1, 3550000, 0),
(860, 'BRAYAN ESTEVEN HINCAPIE CIRO', 2, 3, 'Antiguo', 745000, 860, 2, 1, 1, 3150000, 0),
(861, 'ANDRES FELIPEZ MANJARREZ ORTIZ', 2, 2, 'Antiguo', 850000, 861, 2, 1, 1, 3100000, 0),
(862, 'GIOVANNY DE JESUS   MU?OZ MU?OZ', 2, 7, 'Antiguo', 130000, 862, 1, 1, 1, 3500000, 0),
(863, 'CRISTIAN FRANCO ARENAS ', 2, 4, 'Antiguo', 700000, 863, 2, 1, 1, 3450000, 0),
(864, 'HERNAN GUSTAVO CARVAJAL FUENTES', 2, 7, 'Antiguo', 130000, 864, 1, 1, 1, 3500000, 0),
(865, 'ANGIE LIZETH MARQUEZ GARCIA', 2, 2, 'Antiguo', 850000, 865, 2, 1, 1, 3100000, 0),
(866, 'VALENTINA  CORTES BLANCO', 4, 16, 'Antiguo', 1200000, 866, 2, 2, 1, 3170000, 0),
(867, 'SEBASTIAN  ARIZA MOTTA', 4, 15, 'Antiguo', 2600000, 867, 3, 2, 1, 4800000, 0),
(868, 'JHOJAN  URREGO SOSA', 2, 9, 'Antiguo', 130000, 868, 1, 1, 1, 3900000, 0),
(869, 'VALENTINA  CORTES BLANCO', 4, 16, 'Antiguo', 1200000, 869, 2, 2, 1, 3170000, 0),
(870, 'FERNANDO JOSE ALCARAZ DURANGO', 2, 7, 'Antiguo', 450000, 870, 1, 1, 1, 3500000, 0),
(871, 'JUAN SEBASTIAN VILLA RIVERA', 3, 10, 'Antiguo', 2100000, 871, 2, 2, 1, 3550000, 0),
(872, 'NEIFER OSDEIMER MU?OZ MEDINA', 3, 13, 'Antiguo', 2600000, 872, 3, 2, 1, 2200000, 0),
(873, 'EWDIN ANDRES ESCOBAR MEDINA', 2, 7, 'Antiguo', 450000, 873, 1, 1, 1, 3500000, 0),
(874, 'GLADYS  HERRERA SAJAYO', 2, 7, 'Antiguo', 130000, 874, 1, 1, 1, 3500000, 0),
(875, 'SEBASTIAN ANDRES BOLIVAR OSORIO', 4, 15, 'Antiguo', 2600000, 875, 3, 2, 1, 4800000, 0),
(876, 'ROBERT STEVEN ZU?IGA VELASCO', 4, 14, 'Antiguo', 2600000, 876, 3, 2, 1, 2150000, 0),
(877, 'ANA ROSA MARTINEZ PALACIO', 2, 1, 'Antiguo', 850000, 877, 2, 1, 1, 3500000, 0),
(878, 'ERIKA NATALIA GALINDO ALFONSO', 2, 6, 'Antiguo', 450000, 878, 1, 1, 1, 3450000, 0),
(879, 'YAZMIN ALEJANDRA MURILLO MINOTA', 4, 18, 'Antiguo', 1200000, 879, 2, 2, 1, 2650000, 0),
(880, 'BRIAN DARLEY LANDINES VELASQUEZ', 2, 3, 'Antiguo', 745000, 880, 2, 1, 1, 3150000, 0),
(881, 'BRAYAN YESID RIVERA RENTERIA', 2, 3, 'Antiguo', 745000, 881, 2, 1, 1, 3150000, 0),
(882, 'MARTIN  VARGAS PINO', 3, 13, 'Antiguo', 2100000, 882, 2, 2, 1, 2200000, 0),
(883, 'JUAN DIEGO BERRIO ORREGO', 3, 10, 'Antiguo', 2100000, 883, 2, 2, 1, 3550000, 0),
(884, 'SNEYDERTH DAVID MORA DURAN', 4, 16, 'Antiguo', 2600000, 884, 3, 2, 1, 3170000, 0),
(885, 'ANGUIE YULIETH SIERRA MOLANO', 2, 2, 'Antiguo', 850000, 885, 2, 1, 1, 3100000, 0),
(886, 'YESID DAVID GOMEZ YOSCUA', 4, 18, 'Antiguo', 1200000, 886, 2, 2, 1, 2650000, 0),
(887, 'KEVIN ANDRES RUIZ GARZON', 3, 11, 'Antiguo', 2100000, 887, 2, 2, 1, 3500000, 0),
(888, 'JAIRO ALONSO PEREZ TORRES', 2, 8, 'Antiguo', 130000, 888, 1, 1, 1, 3680000, 0),
(889, 'SUAMOX CAMILO GUEVARA CORREDOR', 4, 16, 'Antiguo', 1200000, 889, 2, 2, 1, 3170000, 0),
(890, 'LUANA ESTHER CAMPO OSPINO', 3, 11, 'Antiguo', 2100000, 890, 2, 2, 1, 3500000, 0),
(891, 'OMAR YESID MARQUEZ ALQUERQUE', 3, 14, 'Antiguo', 2600000, 891, 3, 2, 1, 2150000, 0),
(892, 'SARA  BARRERA ALZATE  ', 4, 15, 'Antiguo', 2600000, 892, 3, 2, 1, 4800000, 0),
(893, 'ANGIE KATERINE HERNANDEZ VILLAMIL', 2, 2, 'Antiguo', 850000, 893, 2, 1, 1, 3100000, 0),
(894, 'FARLEY  DURANGO RESTREPO', 2, 7, 'Antiguo', 450000, 894, 1, 1, 1, 3500000, 0),
(895, 'JUAN PABLO URIBE PATI?O', 3, 10, 'Antiguo', 2100000, 895, 2, 2, 1, 3550000, 0),
(896, 'ESNEIDER ALEXANDER URIBE MINOTAS', 2, 7, 'Antiguo', 450000, 896, 1, 1, 1, 3500000, 0),
(897, 'MIGUEL ANGEL DAVID ELEJALDE', 3, 13, 'Antiguo', 2600000, 897, 3, 2, 1, 2200000, 0),
(898, 'MARCELA  LEON ', 3, 12, 'Antiguo', 2100000, 898, 2, 2, 1, 2800000, 0),
(899, 'MARLY CAMILA USMA DURANGO', 3, 13, 'Antiguo', 2100000, 899, 2, 2, 1, 2200000, 0),
(900, 'YOBANY  CASTRO VELASQUEZ', 4, 19, 'Antiguo', 1200000, 900, 2, 2, 1, 2450000, 0),
(901, 'JUAN GUILLERMO TORO RODRIGUEZ', 3, 10, 'Antiguo', 2100000, 901, 2, 2, 1, 3550000, 0),
(902, 'SHAURY  VERA RAMOS', 4, 16, 'Antiguo', 2600000, 902, 3, 2, 1, 3170000, 0),
(903, 'MARIA JOSE PEREZ GALLO', 3, 12, 'Antiguo', 2100000, 903, 2, 2, 1, 2800000, 0),
(904, 'JORGE ANDRES ARTEAGA JARAMILLO', 2, 10, 'Antiguo', 870000, 904, 2, 1, 1, 3550000, 0),
(905, 'JORGE ALBERTO GRISALES VASQUEZ', 2, 10, 'Antiguo', 870000, 905, 2, 1, 1, 3550000, 0),
(906, 'ALEJANDRO  VARGAS TABORDA', 2, 1, 'Antiguo', 850000, 906, 2, 1, 1, 3500000, 0),
(907, 'JUAN CAMILO SANCHEZ CHACON', 2, 10, 'Antiguo', 870000, 907, 2, 1, 1, 3550000, 0),
(908, 'MARIANA  ATAHUALPA BEDOYA', 3, 12, 'Antiguo', 2100000, 908, 2, 2, 1, 2800000, 0),
(909, 'ROGER ROMAN LOAIZA LONDO?O', 4, 14, 'Antiguo', 2600000, 909, 3, 2, 1, 2150000, 0),
(910, 'TIANI YORGELIS PEREZ BURGOS', 4, 16, 'Antiguo', 1200000, 910, 2, 2, 1, 3170000, 0),
(911, 'MISIAES  MAJORE DOMICO', 3, 13, 'Antiguo', 2600000, 911, 3, 2, 1, 2200000, 0),
(912, 'ROBERT ANDRES FLOREZ GIL', 4, 14, 'Antiguo', 2600000, 912, 3, 2, 1, 2150000, 0),
(913, 'KEVIN ALEXIS HERNANDEZ ALVAREZ', 3, 11, 'Antiguo', 2100000, 913, 2, 2, 1, 3500000, 0),
(914, 'LEEVAN ALBERTO ROJO MONSALVE', 3, 11, 'Antiguo', 2100000, 914, 2, 2, 1, 3500000, 0),
(915, 'BRANDON  CARDONA MOSQUERA', 2, 3, 'Antiguo', 745000, 915, 2, 1, 1, 3150000, 0),
(916, 'LUISA FERNANDA CASTIBLANCO RODAS', 3, 12, 'Antiguo', 2100000, 916, 2, 2, 1, 2800000, 0),
(917, 'JUAN DANIEL SIERRA MENDES', 2, 10, 'Antiguo', 2100000, 917, 2, 1, 1, 3550000, 0),
(918, 'ALEXANDER  TARAZONA RINCON', 2, 1, 'Antiguo', 850000, 918, 2, 1, 1, 3500000, 0),
(919, 'ERIKA JOHANNA PALACIO ', 2, 6, 'Antiguo', 450000, 919, 1, 1, 1, 3450000, 0),
(920, 'MICHAEL STEVEN LOPEZ OSORIO', 3, 13, 'Antiguo', 2600000, 920, 3, 2, 1, 2200000, 0),
(921, 'ADRIAN MANUEL HOYOS BUELVAS', 2, 1, 'Antiguo', 850000, 921, 2, 1, 1, 3500000, 0),
(922, 'JUAN FERNANDO BUSTAMANTE ACEVEDO', 3, 10, 'Antiguo', 2100000, 922, 2, 2, 1, 3550000, 0),
(923, 'GENIVERA DEL SOCORRO   MU?OZ ', 2, 7, 'Antiguo', 130000, 923, 1, 1, 1, 3500000, 0),
(924, 'SEBASTIAN  DIEZ AGUDELO', 4, 15, 'Antiguo', 2600000, 924, 3, 2, 1, 4800000, 0),
(925, 'YAMITH DE JESUS   PEREZ VILLA', 4, 17, 'Antiguo', 1200000, 925, 2, 2, 1, 2780000, 0),
(926, 'JOHAN SEBASTIAN JIMENEZ ', 2, 10, 'Antiguo', 130000, 926, 1, 1, 1, 3550000, 0),
(927, 'JUAN SEBASTIAN TORRES ANDRADE', 3, 10, 'Antiguo', 2100000, 927, 2, 2, 1, 3550000, 0),
(928, 'JULIAN DAVID BEDOYA MU?OZ', 3, 10, 'Antiguo', 2100000, 928, 2, 2, 1, 3550000, 0),
(929, 'ANA LUCIA GODOY VASQUEZ', 2, 1, 'Antiguo', 850000, 929, 2, 1, 1, 3500000, 0),
(930, 'ANGIE PAOLA TEHERAN OBRIAN', 2, 2, 'Antiguo', 850000, 930, 2, 1, 1, 3100000, 0),
(931, 'DARENT STEVEN VIRU RAMIREZ', 2, 5, 'Antiguo', 450000, 931, 1, 1, 1, 2800000, 0),
(932, 'JORGE ARNULFO GOMEZ MU?OZ', 2, 10, 'Antiguo', 870000, 932, 2, 1, 1, 3550000, 0),
(933, 'WENDY LICETH PARRA VALENCIA', 4, 16, 'Antiguo', 1200000, 933, 2, 2, 1, 3170000, 0),
(934, 'BRAYAN HONEY RENDON SUAREZ', 2, 3, 'Antiguo', 745000, 934, 2, 1, 1, 3150000, 0),
(935, 'JUAN JOSE GUARNIZO LOPEZ', 3, 10, 'Antiguo', 2100000, 935, 2, 2, 1, 3550000, 0),
(936, 'JHON JAIRO LONDO?O SIERRA', 2, 9, 'Antiguo', 130000, 936, 1, 1, 1, 3900000, 0),
(937, 'EINER DAVID TORRES RODRIGUEZ', 2, 6, 'Antiguo', 450000, 937, 1, 1, 1, 3450000, 0),
(938, 'CARLOS FERNANDO AMAYA CIFUENTES', 2, 4, 'Antiguo', 745000, 938, 2, 1, 1, 3450000, 0),
(939, 'MARIA CAMILA LONDO?O ECHEVERRI', 3, 12, 'Antiguo', 2100000, 939, 2, 2, 1, 2800000, 0),
(940, 'CRISTIAN DAVID CASTILLO SIERRA', 2, 4, 'Antiguo', 700000, 940, 2, 1, 1, 3450000, 0),
(941, 'ANDRES SEBASTIAN PADILLA  ESTRADA ', 2, 2, 'Antiguo', 850000, 941, 2, 1, 1, 3100000, 0),
(942, 'DIEGO FELIPE FONSECA GUTIERREZ', 2, 5, 'Antiguo', 450000, 942, 1, 1, 1, 2800000, 0),
(943, 'ANDREINA  ARDILA LOBO', 2, 1, 'Antiguo', 850000, 943, 2, 1, 1, 3500000, 0),
(944, 'JHOAN SEBASTIAN JIMENEZ CARRILLO', 2, 9, 'Antiguo', 130000, 944, 1, 1, 1, 3900000, 0),
(945, 'JUAN CARLOS ARTUNDUAGA LOZANO', 2, 10, 'Antiguo', 2100000, 945, 2, 1, 1, 3550000, 0),
(946, 'JOHAN SEBASTIAN CARDONA ISAZA', 2, 10, 'Antiguo', 130000, 946, 1, 1, 1, 3550000, 0),
(947, 'EDISON ANDRES CANO CORREA', 2, 6, 'Antiguo', 450000, 947, 1, 1, 1, 3450000, 0),
(948, 'HECTOR  ARIAS RAMIREZ', 2, 7, 'Antiguo', 130000, 948, 1, 1, 1, 3500000, 0),
(949, 'ABEL DE JESUS   PEREZ MORA', 2, 1, 'Antiguo', 850000, 949, 2, 1, 1, 3500000, 0),
(950, 'JESUS GUILLERMO RICARDO CARDONA', 2, 9, 'Antiguo', 130000, 950, 1, 1, 1, 3900000, 0),
(951, 'JULIANA MARIA FLOREZ MORALES', 3, 10, 'Antiguo', 2100000, 951, 2, 2, 1, 3550000, 0),
(952, 'YEFRI  VILLADA  BOTERO', 4, 18, 'Antiguo', 1200000, 952, 2, 2, 1, 2650000, 0),
(953, 'HECTOR HUGO POLANIA RAMIREZ', 2, 7, 'Antiguo', 130000, 953, 1, 1, 1, 3500000, 0),
(954, 'JUAN CAMILO GALLEGO OROZCO', 2, 10, 'Antiguo', 870000, 954, 2, 1, 1, 3550000, 0),
(955, 'ALVARO FEDERICO RODRIGUEZ RODRIGUEZ', 2, 1, 'Antiguo', 850000, 955, 2, 1, 1, 3500000, 0),
(956, 'CARLOS ENAN PATERNINA CORDERO', 2, 4, 'Antiguo', 745000, 956, 2, 1, 1, 3450000, 0),
(957, 'SILVIA MARCELA JANNA MERLANO', 4, 16, 'Antiguo', 2600000, 957, 3, 2, 1, 3170000, 0),
(958, 'ANGIE PAOLA PADIERNA AVENDA?O', 2, 2, 'Antiguo', 850000, 958, 2, 1, 1, 3100000, 0),
(959, 'YANIRA ALEJANDRA GALEANO CASTILLO', 4, 17, 'Antiguo', 1200000, 959, 2, 2, 1, 2780000, 0),
(960, 'JUAN CAMILO MONSALVE CESPEDES', 2, 10, 'Antiguo', 870000, 960, 2, 1, 1, 3550000, 0),
(961, 'ANDERSON ARLEY ISAZA OLARTE', 2, 1, 'Antiguo', 850000, 961, 2, 1, 1, 3500000, 0),
(962, 'ABRAHAM DAVID CABARCAS RUIZ', 2, 1, 'Antiguo', 850000, 962, 2, 1, 1, 3500000, 0),
(963, 'LUIS GUSTAVO MEJIA PIEDRAHITA', 3, 12, 'Antiguo', 2100000, 963, 2, 2, 1, 2800000, 0),
(964, 'JOSE DANILO PATI?O HURTADO', 2, 10, 'Antiguo', 870000, 964, 2, 1, 1, 3550000, 0),
(965, 'LINA MARCELA ARIAS ', 3, 11, 'Antiguo', 2100000, 965, 2, 2, 1, 3500000, 0),
(966, 'LEONARDO  CARTAGENA COLORADO', 3, 11, 'Antiguo', 2100000, 966, 2, 2, 1, 3500000, 0),
(967, 'LUISA DANIELA COGOLLO MAZO', 3, 12, 'Antiguo', 2100000, 967, 2, 2, 1, 2800000, 0),
(968, 'JOSE ELIECER OSORIO GIRALDO', 2, 10, 'Antiguo', 870000, 968, 2, 1, 1, 3550000, 0),
(969, 'JOHN ALEJANDRO OSORIO BETANCURT', 2, 10, 'Antiguo', 130000, 969, 1, 1, 1, 3550000, 0),
(970, 'ADRIAN ANTONIO ROA PULIDO', 2, 1, 'Antiguo', 850000, 970, 2, 1, 1, 3500000, 0),
(971, 'JUAN SEBASTIAN GAMBOA SUAZA', 3, 10, 'Antiguo', 2100000, 971, 2, 2, 1, 3550000, 0),
(972, 'BRAYAN MATEO DUQUE ', 2, 3, 'Antiguo', 745000, 972, 2, 1, 1, 3150000, 0),
(973, 'YEISON  CANEDO RODRIGUEZ', 4, 18, 'Antiguo', 1200000, 973, 2, 2, 1, 2650000, 0),
(974, 'FLOR MARIA GUTIERREZ VALDERRAMA', 2, 7, 'Antiguo', 450000, 974, 1, 1, 1, 3500000, 0),
(975, 'SHARIX DAYANA POBLADOR FUENTES', 4, 16, 'Antiguo', 2600000, 975, 3, 2, 1, 3170000, 0),
(976, 'JUAN DAVID GUZMAN MARIN', 3, 10, 'Antiguo', 2100000, 976, 2, 2, 1, 3550000, 0),
(977, 'MURILLO PACHON ADRIANA MARCELA', 3, 13, 'Antiguo', 2600000, 977, 3, 2, 1, 2200000, 0),
(978, 'EDWIN WILTWR STERLING GONZALEZ ', 2, 6, 'Antiguo', 450000, 978, 1, 1, 1, 3450000, 0),
(979, 'EDWIN  WILTER STERLING  RAMIREZ', 2, 6, 'Antiguo', 450000, 979, 1, 1, 1, 3450000, 0),
(980, 'ANDRES ESTEBAN GIL CA?AS', 2, 2, 'Antiguo', 850000, 980, 2, 1, 1, 3100000, 0),
(981, 'VALENTINA  TABORDA GIL', 4, 16, 'Antiguo', 1200000, 981, 2, 2, 1, 3170000, 0),
(982, 'DAYANA PATRICIA PINO ALTAMAR', 2, 5, 'Antiguo', 450000, 982, 1, 1, 1, 2800000, 0),
(983, 'JUAN ESTEBAN CORREA MU?OZ', 3, 10, 'Antiguo', 2100000, 983, 2, 2, 1, 3550000, 0),
(984, 'DAVID ESTIBEN SALAZAR VANEGAS', 2, 5, 'Antiguo', 450000, 984, 1, 1, 1, 2800000, 0),
(985, 'HECTOR  ARIAS RAMIREZ', 2, 7, 'Antiguo', 130000, 985, 1, 1, 1, 3500000, 0),
(986, 'ESNEIDER  FELIPE  CARDONA  FRANCO ', 2, 6, 'Antiguo', 450000, 986, 1, 1, 1, 3450000, 0),
(987, 'EMANUEL  GRANOBLES TORRES', 2, 6, 'Antiguo', 450000, 987, 1, 1, 1, 3450000, 0),
(988, 'JUAN CAMILO TORRES CASTRILLON', 2, 10, 'Antiguo', 870000, 988, 2, 1, 1, 3550000, 0),
(989, 'JUAN DANIEL REYES TRIANA', 2, 10, 'Antiguo', 2100000, 989, 2, 1, 1, 3550000, 0),
(990, 'MIKEL JOSE OSPINO SANTANA', 3, 13, 'Antiguo', 2600000, 990, 3, 2, 1, 2200000, 0),
(991, 'RUBEN RAFAEL VARGUILLA GALVIS', 4, 15, 'Antiguo', 2600000, 991, 3, 2, 1, 4800000, 0),
(992, 'GREGORIA SOFIA PEREZ MU?OZ', 2, 7, 'Antiguo', 130000, 992, 1, 1, 1, 3500000, 0),
(993, 'RAIZA GERALDINE ACEVEDO ROMAN', 4, 14, 'Antiguo', 2600000, 993, 3, 2, 1, 2150000, 0),
(994, 'CRISTIAN ANDRES ARBOLEDA SALAZAR', 2, 4, 'Antiguo', 700000, 994, 2, 1, 1, 3450000, 0),
(995, 'LUIS ALFREDO LUGO CASTA?EDA', 3, 12, 'Antiguo', 2100000, 995, 2, 2, 1, 2800000, 0),
(996, 'JAHAN MANUEL MONTOYA MALDONADO', 2, 7, 'Antiguo', 130000, 996, 1, 1, 1, 3500000, 0),
(997, 'ISAMAR  FLOREZ GIL', 2, 7, 'Antiguo', 130000, 997, 1, 1, 1, 3500000, 0),
(998, 'CARLOS DANIEL BROCHERO MERI?O', 2, 4, 'Antiguo', 745000, 998, 2, 1, 1, 3450000, 0),
(999, 'MIGUEL ANGEL VILLA ARDILA', 3, 13, 'Antiguo', 2600000, 999, 3, 2, 1, 2200000, 0),
(1000, 'ANDRES FELIPE VANEGAS MUNERA', 2, 2, 'Antiguo', 850000, 1000, 2, 1, 1, 3100000, 0),
(1001, 'BRAYMER YESID MONTOYA JIMENEZ', 2, 3, 'Antiguo', 745000, 1001, 2, 1, 1, 3150000, 0),
(1002, 'JHOAN ANDRES RUBIO LOPEZ', 2, 9, 'Antiguo', 130000, 1002, 1, 1, 1, 3900000, 0),
(1003, 'KENETH JHOVANNY FONSECA TOLOSA', 3, 11, 'Antiguo', 2100000, 1003, 2, 2, 1, 3500000, 0),
(1004, 'SANTIAGO  GIRALDO ROMERO', 4, 15, 'Antiguo', 2600000, 1004, 3, 2, 1, 4800000, 0),
(1005, 'NATALY  BEDOYA SALAZAR', 3, 13, 'Antiguo', 2600000, 1005, 3, 2, 1, 2200000, 0),
(1006, 'NATHALIA  MEDINA SILVA', 3, 13, 'Antiguo', 2600000, 1006, 3, 2, 1, 2200000, 0),
(1007, 'BRAYAN  ATEHORTUA BARBOZA', 2, 3, 'Antiguo', 745000, 1007, 2, 1, 1, 3150000, 0),
(1008, 'ADRIAN FELIPE MONTES GARZON', 2, 1, 'Antiguo', 850000, 1008, 2, 1, 1, 3500000, 0),
(1009, 'DANIELA MARIA MARIN GIL', 2, 5, 'Antiguo', 450000, 1009, 1, 1, 1, 2800000, 0),
(1010, 'DANIEL STIVEN RUEDA VASCO', 2, 5, 'Antiguo', 700000, 1010, 2, 1, 1, 2800000, 0),
(1011, 'MARIA ASIS SAEZ CAUSIL', 3, 12, 'Antiguo', 2100000, 1011, 2, 2, 1, 2800000, 0),
(1012, 'NOE FELIPE HENAO AGUDELO', 3, 14, 'Antiguo', 2600000, 1012, 3, 2, 1, 2150000, 0),
(1013, 'JAIRO ENRIQUE SUAREZ DE CASTRO', 2, 8, 'Antiguo', 130000, 1013, 1, 1, 1, 3680000, 0),
(1014, 'LUISA FERNANDA GARZON HERNANDEZ', 3, 12, 'Antiguo', 2100000, 1014, 2, 2, 1, 2800000, 0),
(1015, 'DIEGO ANDRES ARIAS CARO', 2, 5, 'Antiguo', 450000, 1015, 1, 1, 1, 2800000, 0),
(1016, 'DIEGO ANTONIO RODRIGUEZ DIAZ', 2, 5, 'Antiguo', 450000, 1016, 1, 1, 1, 2800000, 0),
(1017, 'DEISON JOSE ROSALES FUENMAYOR', 2, 5, 'Antiguo', 450000, 1017, 1, 1, 1, 2800000, 0),
(1018, 'JHON FREDY QUIROS ECHAVERRIA', 2, 9, 'Nuevo', 130000, 1018, 1, 1, 1, 3900000, 0),
(1019, 'ANA MARIA GAVIRIA ESCOBAR', 2, 1, 'Nuevo', 850000, 1019, 2, 1, 1, 3500000, 0),
(1020, 'WILLIAM AUGUSTO BERMUDEZ DEL NOGAL  ', 4, 17, 'Nuevo', 1200000, 1020, 2, 2, 1, 2780000, 0),
(1021, 'JONATHAN ALEXANDER PARRA VARGAS', 2, 10, 'Nuevo', 870000, 1021, 2, 1, 1, 3550000, 0),
(1022, 'CRISTIAN CAMILO SANCHEZ ZULETA', 2, 4, 'Nuevo', 700000, 1022, 2, 1, 1, 3450000, 0),
(1023, 'FRANCISCO  CASTILLA MOUTHON', 2, 7, 'Nuevo', 450000, 1023, 1, 1, 1, 3500000, 0),
(1024, 'YILEZA  LOAIZA ', 4, 18, 'Nuevo', 1200000, 1024, 2, 2, 1, 2650000, 0),
(1025, 'ADIELA CECILIA MOSQUERA MOSQUERA', 2, 1, 'Nuevo', 850000, 1025, 2, 1, 1, 3500000, 0),
(1026, 'WENDY YURLEY MORELES SANDOVAL', 4, 17, 'Nuevo', 1200000, 1026, 2, 2, 1, 2780000, 0),
(1027, 'CRISTIAN  GRANADOS HERNANDEZ', 2, 4, 'Nuevo', 700000, 1027, 2, 1, 1, 3450000, 0),
(1028, 'EDER ESTEBAN MAQUILON PALACIOS', 2, 6, 'Nuevo', 450000, 1028, 1, 1, 1, 3450000, 0),
(1029, 'YOVANY ANDRES ORREGO CARDONA', 4, 19, 'Nuevo', 1200000, 1029, 2, 2, 1, 2450000, 0),
(1030, 'VALENTINA  RIVAS AGUDELO', 4, 16, 'Nuevo', 1200000, 1030, 2, 2, 1, 3170000, 0),
(1031, 'SEBASTIAN  ARISTIZABAL VASQUEZ', 4, 15, 'Nuevo', 2600000, 1031, 3, 2, 1, 4800000, 0),
(1032, 'JULIAN ALBERTO MEJIA SUAZA', 3, 10, 'Nuevo', 2100000, 1032, 2, 2, 1, 3550000, 0),
(1033, 'BRAYAN DAVID LOPEZ VILLEGAS', 2, 3, 'Nuevo', 745000, 1033, 2, 1, 1, 3150000, 0),
(1034, 'JHONN SEBASTIAN RESTREPO HERNANDEZ', 2, 9, 'Nuevo', 130000, 1034, 1, 1, 1, 3900000, 0),
(1035, 'HUGO ALBERTO TAPIAS BEDOYA', 2, 7, 'Nuevo', 130000, 1035, 1, 1, 1, 3500000, 0),
(1036, 'IVAN DARIO GIRALDO CUESVAS', 2, 7, 'Nuevo', 130000, 1036, 1, 1, 1, 3500000, 0),
(1037, 'CRISTIAN GERMAN CUERVO GUARNIZO', 2, 4, 'Nuevo', 700000, 1037, 2, 1, 1, 3450000, 0),
(1038, 'DANIELA  RECUERO ALZATE', 2, 5, 'Nuevo', 450000, 1038, 1, 1, 1, 2800000, 0),
(1039, 'CRISTIAN FABIAN VARGAS CARDOZO', 2, 4, 'Nuevo', 700000, 1039, 2, 1, 1, 3450000, 0),
(1040, 'JULIO CESAR GONZALEZ BEDOYA', 3, 10, 'Nuevo', 2100000, 1040, 2, 2, 1, 3550000, 0),
(1041, 'BRANDO YUSETH PIRANEQUE REDONDO', 2, 3, 'Nuevo', 745000, 1041, 2, 1, 1, 3150000, 0),
(1042, 'JUAN DANIEL CANO GARCES', 2, 10, 'Nuevo', 2100000, 1042, 2, 1, 1, 3550000, 0),
(1043, 'SEBASTIAN  ALVAREZ CORREA', 4, 15, 'Nuevo', 2600000, 1043, 3, 2, 1, 4800000, 0),
(1044, 'YAIR JOSE MUENTES SUAREZ', 4, 17, 'Nuevo', 1200000, 1044, 2, 2, 1, 2780000, 0),
(1045, 'FLOR ALICIA GALINDO RODRIGUEZ', 2, 7, 'Nuevo', 450000, 1045, 1, 1, 1, 3500000, 0),
(1046, 'LUISA FERNANDA VILLEGAS CALLE', 3, 12, 'Nuevo', 2100000, 1046, 2, 2, 1, 2800000, 0),
(1047, 'SARA MANUELA ECHAVARRIA RIOS', 4, 15, 'Nuevo', 2600000, 1047, 3, 2, 1, 4800000, 0),
(1048, 'DANIELA  RECUERO ALZATE', 2, 5, 'Nuevo', 450000, 1048, 1, 1, 1, 2800000, 0),
(1049, 'KAREN  YULIANA MONROY VELASQUEZ', 3, 10, 'Nuevo', 2100000, 1049, 2, 2, 1, 3550000, 0),
(1050, 'MILTON EDUARDO DIAZ PIDIACHE', 3, 13, 'Nuevo', 2600000, 1050, 3, 2, 1, 2200000, 0),
(1051, 'SANTIAGO  ACEVEDO GUSMAN', 4, 15, 'Nuevo', 2600000, 1051, 3, 2, 1, 4800000, 0),
(1052, 'BLAIDER JAIR CARPIO PEREZ', 2, 3, 'Nuevo', 745000, 1052, 2, 1, 1, 3150000, 0),
(1053, 'KEVIN ANDRES JIMENEZ CORREA', 3, 11, 'Nuevo', 2100000, 1053, 2, 2, 1, 3500000, 0),
(1054, 'EDINSON  HERNANDEZ RAMIREZ', 2, 6, 'Nuevo', 450000, 1054, 1, 1, 1, 3450000, 0),
(1055, 'PABLO ANTONIO MONALVO GARCIA', 4, 14, 'Nuevo', 2600000, 1055, 3, 2, 1, 2150000, 0),
(1056, 'ARCENIA MARIA MADRID NAVARRO', 2, 2, 'Nuevo', 850000, 1056, 2, 1, 1, 3100000, 0),
(1057, 'LEONARDO  VARGAS ', 3, 11, 'Nuevo', 2100000, 1057, 2, 2, 1, 3500000, 0),
(1058, 'ANGY CAMIL TOBON RUIZ', 2, 2, 'Nuevo', 850000, 1058, 2, 1, 1, 3100000, 0),
(1059, 'MIGUEL ANGEL LOPEZ ', 3, 13, 'Nuevo', 2600000, 1059, 3, 2, 1, 2200000, 0),
(1060, 'KELY ANDREA AGUDELO ACEVEDO', 3, 11, 'Nuevo', 2100000, 1060, 2, 2, 1, 3500000, 0),
(1061, 'DANNA MARCELA OSPINA SANCHEZ', 2, 5, 'Nuevo', 450000, 1061, 1, 1, 1, 2800000, 0),
(1062, 'OSCAR JAVIER MILLAN PARRADO', 3, 14, 'Nuevo', 2600000, 1062, 3, 2, 1, 2150000, 0),
(1063, 'YHORLEY  RUIZ MORELO', 4, 18, 'Nuevo', 1200000, 1063, 2, 2, 1, 2650000, 0),
(1064, 'KEVIN ARLEY MESA AGUDELO', 3, 11, 'Nuevo', 2100000, 1064, 2, 2, 1, 3500000, 0),
(1065, 'NATALIA  GARCIA ', 3, 13, 'Nuevo', 2600000, 1065, 3, 2, 1, 2200000, 0),
(1066, 'JOHAN  GRANADA PELAEZ', 2, 10, 'Nuevo', 130000, 1066, 1, 1, 1, 3550000, 0),
(1067, 'GEOVANNY  RAMIREZ ARISTIZABAL', 2, 7, 'Nuevo', 130000, 1067, 1, 1, 1, 3500000, 0),
(1068, 'MARIO FERNANDO CORDERO ', 3, 13, 'Nuevo', 2100000, 1068, 2, 2, 1, 2200000, 0),
(1069, 'KIMBERLY  LUNA SUSUNAGA', 3, 11, 'Nuevo', 2100000, 1069, 2, 2, 1, 3500000, 0),
(1070, 'DANIELA ALEJANDRA QUINTERO BRAGA', 2, 5, 'Nuevo', 450000, 1070, 1, 1, 1, 2800000, 0),
(1071, 'ARLEY DE JESUS   GUERRA PINO', 2, 2, 'Nuevo', 850000, 1071, 2, 1, 1, 3100000, 0),
(1072, 'YURY ESTEFANIA RODRIGUEZ MARIN', 4, 19, 'Nuevo', 1200000, 1072, 2, 2, 1, 2450000, 0),
(1073, 'ESTIBEN ALEJANDRO MORENO BEDOYA', 2, 7, 'Nuevo', 450000, 1073, 1, 1, 1, 3500000, 0),
(1074, 'YURANI  MONTOYA QUINTERO', 4, 19, 'Nuevo', 1200000, 1074, 2, 2, 1, 2450000, 0),
(1075, 'BRAYAN ALEXIS GUZMAN LORA', 2, 3, 'Nuevo', 745000, 1075, 2, 1, 1, 3150000, 0),
(1076, 'JHON WALTER MAYA HOYOS', 2, 9, 'Nuevo', 130000, 1076, 1, 1, 1, 3900000, 0),
(1077, 'LENIS MARIA ACU?A MORENO', 3, 11, 'Nuevo', 2100000, 1077, 2, 2, 1, 3500000, 0),
(1078, 'DEVINSON LEANDRO CACERES CHACON', 2, 5, 'Nuevo', 450000, 1078, 1, 1, 1, 2800000, 0),
(1079, 'FREDY ESTEBAN BECERRA RINCON', 2, 7, 'Nuevo', 450000, 1079, 1, 1, 1, 3500000, 0),
(1080, 'DIOMEDES  OSPINA VALENCIA', 2, 6, 'Nuevo', 450000, 1080, 1, 1, 1, 3450000, 0),
(1081, 'ANDRES FELIPE ORREGO MARTINEZ', 2, 2, 'Nuevo', 850000, 1081, 2, 1, 1, 3100000, 0),
(1082, 'ADRIANA LUCIA HERNANDEZ JIMENEZ', 2, 1, 'Nuevo', 850000, 1082, 2, 1, 1, 3500000, 0),
(1083, 'DANIEL ANDRES GONZALEZ MONCADA', 2, 4, 'Nuevo', 700000, 1083, 2, 1, 1, 3450000, 0),
(1084, 'JENNY  SANCHEZ GUTIERREZ', 2, 9, 'Nuevo', 130000, 1084, 1, 1, 1, 3900000, 0),
(1085, 'JAIR DE JESUS   PUELLO PEREZ', 2, 8, 'Nuevo', 130000, 1085, 1, 1, 1, 3680000, 0),
(1086, 'WBEIMAR ANTONIO PEREZ MU?OZ', 4, 16, 'Nuevo', 1200000, 1086, 2, 2, 1, 3170000, 0),
(1087, 'JORGE ALBERTO OSPINA MONTOYA', 2, 10, 'Nuevo', 870000, 1087, 2, 1, 1, 3550000, 0),
(1088, 'DANIEL FELIPE GUARNIZO LOPEZ', 2, 5, 'Nuevo', 700000, 1088, 2, 1, 1, 2800000, 0),
(1089, 'JORGE ELIECER PLAZA NISPERUZA', 2, 10, 'Nuevo', 870000, 1089, 2, 1, 1, 3550000, 0),
(1090, 'SANTIAGO  ALZATE HERNANDEZ', 4, 15, 'Nuevo', 2600000, 1090, 3, 2, 1, 4800000, 0),
(1091, 'SINDY PAOLA CANTERO PEREZ', 4, 16, 'Nuevo', 2600000, 1091, 3, 2, 1, 3170000, 0),
(1092, 'KEISY VANESSA TELLO SILVA', 3, 11, 'Nuevo', 2100000, 1092, 2, 2, 1, 3500000, 0),
(1093, 'KERLY INES HERRERA SANCHEZ', 3, 11, 'Nuevo', 2100000, 1093, 2, 2, 1, 3500000, 0),
(1094, 'CAMILO ANDRES GOMEZ DUARTE', 2, 4, 'Nuevo', 745000, 1094, 2, 1, 1, 3450000, 0),
(1095, 'CARMEN YELITZA REBOLLEDO SANTANA', 2, 4, 'Nuevo', 745000, 1095, 2, 1, 1, 3450000, 0),
(1096, 'GIOVANNY  MURILLO SANCHEZ', 2, 7, 'Nuevo', 130000, 1096, 1, 1, 1, 3500000, 0),
(1097, 'YESICA PAOLA MONTIEL ARAUJO', 4, 18, 'Nuevo', 1200000, 1097, 2, 2, 1, 2650000, 0),
(1098, 'DANIER ALBERTO NORE?A GAVIRIA', 2, 5, 'Nuevo', 450000, 1098, 1, 1, 1, 2800000, 0),
(1099, 'MARIA ISABEL ALVARADO RODRIGUEZ', 3, 12, 'Nuevo', 2100000, 1099, 2, 2, 1, 2800000, 0),
(1100, 'YEIBER ALCIDES MORALES GALEANO', 4, 18, 'Nuevo', 1200000, 1100, 2, 2, 1, 2650000, 0),
(1101, 'LEVIS CAROLINA QUI?ONEZ JIMENEZ', 3, 11, 'Nuevo', 2100000, 1101, 2, 2, 1, 3500000, 0),
(1102, 'KELLY JOHANA MU?OZ SUAZA', 3, 11, 'Nuevo', 2100000, 1102, 2, 2, 1, 3500000, 0),
(1103, 'FELIPE  JIMENEZ MEJIA', 2, 7, 'Nuevo', 450000, 1103, 1, 1, 1, 3500000, 0),
(1104, 'OSNAIDER  MEDINA ZAPATA', 4, 14, 'Nuevo', 2600000, 1104, 3, 2, 1, 2150000, 0),
(1105, 'NICOL DANIELA OLAYA ', 3, 13, 'Nuevo', 2600000, 1105, 3, 2, 1, 2200000, 0),
(1106, 'SOAD PATRICIA MORALES VELEZ', 4, 16, 'Nuevo', 2600000, 1106, 3, 2, 1, 3170000, 0),
(1107, 'SOFIA  GUTIERREZ MU?OZ', 4, 16, 'Nuevo', 1200000, 1107, 2, 2, 1, 3170000, 0),
(1108, 'ROCIO  MURILLO ', 4, 14, 'Nuevo', 2600000, 1108, 3, 2, 1, 2150000, 0),
(1109, 'CESAR AUGUSTO TOBON TOBON', 2, 4, 'Nuevo', 700000, 1109, 2, 1, 1, 3450000, 0),
(1110, 'BRAYAN STIVEN RIVERA RIVERA', 2, 3, 'Nuevo', 745000, 1110, 2, 1, 1, 3150000, 0),
(1111, 'DAISON ANDRES SIERRA MONTOYA', 2, 4, 'Nuevo', 700000, 1111, 2, 1, 1, 3450000, 0),
(1112, 'YOMAIRA PATRICIA MONTIEL BUELVAS', 4, 19, 'Nuevo', 1200000, 1112, 2, 2, 1, 2450000, 0),
(1113, 'JORGE IVAN CAMARGO RODRIGUEZ', 2, 10, 'Nuevo', 870000, 1113, 2, 1, 1, 3550000, 0),
(1114, 'OSCAR ANDRES ARIAS SUAREZ', 3, 14, 'Nuevo', 2600000, 1114, 3, 2, 1, 2150000, 0),
(1115, 'JHON ESTEBAN RODRIGUEZ RIVEROS', 2, 9, 'Nuevo', 130000, 1115, 1, 1, 1, 3900000, 0),
(1116, 'DANIEL ALEJANDRO RAMIREZ RENDON', 2, 4, 'Nuevo', 700000, 1116, 2, 1, 1, 3450000, 0),
(1117, 'CIELO TATIANA HERNANDEZ CORREA', 2, 4, 'Nuevo', 700000, 1117, 2, 1, 1, 3450000, 0),
(1118, 'JEINER GUSTAVO OROZCO ', 2, 8, 'Nuevo', 130000, 1118, 1, 1, 1, 3680000, 0),
(1119, 'CRISTIAN CAMILO ZAPATA CARVAJAL', 2, 4, 'Nuevo', 700000, 1119, 2, 1, 1, 3450000, 0),
(1120, 'JOSE ARMANDO DIAZ LIZARAZO', 2, 10, 'Nuevo', 870000, 1120, 2, 1, 1, 3550000, 0),
(1121, 'SANDRA MILENA TREJOS GALEANO', 4, 15, 'Nuevo', 2600000, 1121, 3, 2, 1, 4800000, 0),
(1122, 'CRISTIAN ALEJANDRO ALZATE GOMEZ', 2, 4, 'Nuevo', 700000, 1122, 2, 1, 1, 3450000, 0),
(1123, 'ANGIE  ALVARADO JIMENEZ', 2, 2, 'Nuevo', 850000, 1123, 2, 1, 1, 3100000, 0),
(1124, 'DANIEL ALEXIS REDONDO VIDALES', 2, 4, 'Nuevo', 700000, 1124, 2, 1, 1, 3450000, 0),
(1125, 'YENIFER  CASTA?EDA MARTINEZ', 4, 18, 'Nuevo', 1200000, 1125, 2, 2, 1, 2650000, 0),
(1126, 'REYNEL ALEJANDRO GARCIA GARCIA', 4, 14, 'Nuevo', 2600000, 1126, 3, 2, 1, 2150000, 0),
(1127, 'JHON ALEXANDER APONTE VERA', 2, 9, 'Nuevo', 130000, 1127, 1, 1, 1, 3900000, 0),
(1128, 'MARIBEL  CARDONA CARDONA', 3, 13, 'Nuevo', 2100000, 1128, 2, 2, 1, 2200000, 0),
(1129, 'MARIA IFELIA ALGARIN GARCIA', 3, 12, 'Nuevo', 2100000, 1129, 2, 2, 1, 2800000, 0),
(1130, 'EDISON ESTIVEN OSPINA HERRERA', 2, 6, 'Nuevo', 450000, 1130, 1, 1, 1, 3450000, 0),
(1131, 'LAURA ANGELICA SERNA CASTA?EDA', 3, 11, 'Nuevo', 2100000, 1131, 2, 2, 1, 3500000, 0),
(1132, 'JAIME STIVEN POSADA ALVAREZ', 2, 8, 'Nuevo', 130000, 1132, 1, 1, 1, 3680000, 0),
(1133, 'HAMILTON ANDRES ECHAVARRIA PEREZ', 2, 7, 'Nuevo', 130000, 1133, 1, 1, 1, 3500000, 0),
(1134, 'HUBER  DAVID RAVE SERNA', 2, 7, 'Nuevo', 130000, 1134, 1, 1, 1, 3500000, 0),
(1135, 'DANIEL ENRIQUE MIRANDA TORRES', 2, 5, 'Nuevo', 700000, 1135, 2, 1, 1, 2800000, 0),
(1136, 'JOSE DANIEL GUEVARA ESPITIA', 2, 10, 'Nuevo', 870000, 1136, 2, 1, 1, 3550000, 0),
(1137, 'JHON ALEXIS OSORIO AGUIRRE', 2, 9, 'Nuevo', 130000, 1137, 1, 1, 1, 3900000, 0);
INSERT INTO `estudiantes` (`Id_Estudiante`, `Nombre`, `Estrato`, `Id_Carrera`, `Tipo_Estudiante`, `Ingresos_Estudiante`, `Id_Deudor`, `Id_sedes`, `Id_TipoPago`, `Id_Programa`, `Valor_matricula`, `id_entidad`) VALUES
(1138, 'KEVIN ALEXIS MEJIA LOPEZ', 3, 11, 'Nuevo', 2100000, 1138, 2, 2, 1, 3500000, 0),
(1139, 'YOVANA PATRICIA LOPEZ MARIN', 4, 19, 'Nuevo', 1200000, 1139, 2, 2, 1, 2450000, 0),
(1140, 'HERMESON DAVID SANTANA ', 2, 7, 'Nuevo', 130000, 1140, 1, 1, 1, 3500000, 0),
(1141, 'EMMANUEL  OLIVARES MUNERA', 2, 6, 'Nuevo', 450000, 1141, 1, 1, 1, 3450000, 0),
(1142, 'SANTIAGO  RODRIGUES SANCHEZ', 4, 15, 'Nuevo', 2600000, 1142, 3, 2, 1, 4800000, 0),
(1143, 'JONATHAN  QUI?ONES ARIAS', 2, 10, 'Nuevo', 870000, 1143, 2, 1, 1, 3550000, 0),
(1144, 'LUIS RAFAEL RUBIO BURGOS', 3, 12, 'Nuevo', 2100000, 1144, 2, 2, 1, 2800000, 0),
(1145, 'ANDRES FELIPE BOLIVAR GUZMAN', 2, 2, 'Nuevo', 850000, 1145, 2, 1, 1, 3100000, 0),
(1146, 'HOOVER EDILSON ARIAS LONDO?O', 2, 7, 'Nuevo', 130000, 1146, 1, 1, 1, 3500000, 0),
(1147, 'MICHAEL JHORDAN CONTRERAS OTALVAREZ', 3, 13, 'Nuevo', 2100000, 1147, 2, 2, 1, 2200000, 0),
(1148, 'YEISON  ESTRADA ROJAS', 4, 18, 'Nuevo', 1200000, 1148, 2, 2, 1, 2650000, 0),
(1149, 'JAVIER RICARDO RAMIREZ BASTIDAS', 2, 8, 'Nuevo', 130000, 1149, 1, 1, 1, 3680000, 0),
(1150, 'DANIEL ESTIVEN GARCIA DUQUE', 2, 5, 'Nuevo', 700000, 1150, 2, 1, 1, 2800000, 0),
(1151, 'OSCAR ANDRES RAMIREZ OSPINA', 3, 14, 'Nuevo', 2600000, 1151, 3, 2, 1, 2150000, 0),
(1152, 'JUAN CAMILO MORALES ARENAS', 2, 10, 'Nuevo', 870000, 1152, 2, 1, 1, 3550000, 0),
(1153, 'ANGIE CRISTINA OSORIO LOPEZ', 2, 2, 'Nuevo', 850000, 1153, 2, 1, 1, 3100000, 0),
(1154, 'MONICA  QUIROGA FORERO', 3, 13, 'Nuevo', 2600000, 1154, 3, 2, 1, 2200000, 0),
(1155, 'CARLOS ANDRES BORJA BAILARIN', 2, 4, 'Nuevo', 745000, 1155, 2, 1, 1, 3450000, 0),
(1156, 'JESSICA PAOLA CARRILLO SANDOVAL', 2, 9, 'Nuevo', 130000, 1156, 1, 1, 1, 3900000, 0),
(1157, 'BRAYAN ARLEY ROJAS LIZARAZO', 2, 3, 'Nuevo', 745000, 1157, 2, 1, 1, 3150000, 0),
(1158, 'DEIMER DARIO AVILES ARROYO', 2, 5, 'Nuevo', 450000, 1158, 1, 1, 1, 2800000, 0),
(1159, 'JADER ALEXIS OCAMPO PEREZ', 2, 7, 'Nuevo', 130000, 1159, 1, 1, 1, 3500000, 0),
(1160, 'YULDER ERICK HUEPE PADILLA', 4, 19, 'Nuevo', 1200000, 1160, 2, 2, 1, 2450000, 0),
(1161, 'JAIME ALBERTO GUERRA BARRIENTOS', 2, 8, 'Nuevo', 130000, 1161, 1, 1, 1, 3680000, 0),
(1162, 'DIEGO ALEJANDRO ORTEGA LEAL', 2, 5, 'Nuevo', 450000, 1162, 1, 1, 1, 2800000, 0),
(1163, 'JENIFER ANDREA PINTO TORRES', 2, 9, 'Nuevo', 130000, 1163, 1, 1, 1, 3900000, 0),
(1164, 'YEFERSON FELIPE CARRILLO RISUE?O', 4, 18, 'Nuevo', 1200000, 1164, 2, 2, 1, 2650000, 0),
(1165, 'JOSE DAVID HERNANDEZ IGLESIA', 2, 10, 'Nuevo', 870000, 1165, 2, 1, 1, 3550000, 0),
(1166, 'DIEGO STIVEN VASQUEZ VILLADA', 2, 5, 'Nuevo', 450000, 1166, 1, 1, 1, 2800000, 0),
(1167, 'DIEGO FERNANDO ZAPATA ALVAREZ', 2, 5, 'Nuevo', 450000, 1167, 1, 1, 1, 2800000, 0),
(1168, 'EDUAR FABIAN STERLING TRUJILLO', 2, 6, 'Nuevo', 450000, 1168, 1, 1, 1, 3450000, 0),
(1169, 'BRAYAN ESTIVEN VANEGAS RIA?O', 2, 3, 'Nuevo', 745000, 1169, 2, 1, 1, 3150000, 0),
(1170, 'LUZ JANETH CONEJO CUAN', 3, 12, 'Nuevo', 2100000, 1170, 2, 2, 1, 2800000, 0),
(1171, 'OSCAR ANDRES MANZANO SILVA', 3, 14, 'Nuevo', 2600000, 1171, 3, 2, 1, 2150000, 0),
(1172, 'JOHAN ANDRES ESCOBAR MIRA', 2, 10, 'Nuevo', 130000, 1172, 1, 1, 1, 3550000, 0),
(1173, 'DARWIN SMITH ZAPATA CADENA', 2, 5, 'Nuevo', 450000, 1173, 1, 1, 1, 2800000, 0),
(1174, 'SEBASTIAN  RAMIREZ LOPERA', 4, 15, 'Nuevo', 2600000, 1174, 3, 2, 1, 4800000, 0),
(1175, 'MARIA PAULA SALAZAR FLOREZ', 3, 12, 'Nuevo', 2100000, 1175, 2, 2, 1, 2800000, 0),
(1176, 'YUNIZA FERNANDA RAMOS PE?A', 4, 19, 'Nuevo', 1200000, 1176, 2, 2, 1, 2450000, 0),
(1177, 'JORGE MATEO ROZO RAMIREZ', 2, 10, 'Nuevo', 870000, 1177, 2, 1, 1, 3550000, 0),
(1178, 'JUAN ESTEBAN CASTA?EDA RAMIREZ', 3, 10, 'Nuevo', 2100000, 1178, 2, 2, 1, 3550000, 0),
(1179, 'JUAN FERNANDO VILLAMIZAR ANTOLINEZ', 3, 10, 'Nuevo', 2100000, 1179, 2, 2, 1, 3550000, 0),
(1180, 'LUISA FERNANDA MU?OZ BURITICA', 3, 12, 'Nuevo', 2100000, 1180, 2, 2, 1, 2800000, 0),
(1181, 'ANDRES FELIPE ARARAT ', 2, 2, 'Nuevo', 850000, 1181, 2, 1, 1, 3100000, 0),
(1182, 'ELENA RAQUEL QUI?ONES CORTES', 2, 6, 'Nuevo', 450000, 1182, 1, 1, 1, 3450000, 0),
(1183, 'MARCOS LUIS ROJAS BARRIOS', 3, 12, 'Nuevo', 2100000, 1183, 2, 2, 1, 2800000, 0),
(1184, 'ANDRES FELIPE VISBAL AMARILES', 2, 2, 'Nuevo', 850000, 1184, 2, 1, 1, 3100000, 0),
(1185, 'MATEO  CHAVARRIAGA HOYOS', 3, 13, 'Nuevo', 2100000, 1185, 2, 2, 1, 2200000, 0),
(1186, 'LUIS FERNANDO RODRIGUEZ CAMACHO', 3, 12, 'Nuevo', 2100000, 1186, 2, 2, 1, 2800000, 0),
(1187, 'ALVARO JAVIER SALGADO BALETA', 2, 1, 'Nuevo', 850000, 1187, 2, 1, 1, 3500000, 0),
(1188, 'GEOVANNIS  GUTIERREZ PAEZ', 2, 7, 'Nuevo', 130000, 1188, 1, 1, 1, 3500000, 0),
(1189, 'PAOLA ANDREA MELENDEZ CASTA?EDA', 4, 14, 'Nuevo', 2600000, 1189, 3, 2, 1, 2150000, 0),
(1190, 'ESTEVEN ALIRIO SANCHEZ GUERRA', 2, 7, 'Nuevo', 450000, 1190, 1, 1, 1, 3500000, 0),
(1191, 'CARLOS ALBERTO TORRES PUERTA', 2, 4, 'Nuevo', 745000, 1191, 2, 1, 1, 3450000, 0),
(1192, 'ANDRES  ALARCON RAMOS', 2, 1, 'Nuevo', 850000, 1192, 2, 1, 1, 3500000, 0),
(1193, 'DUVAN ANTONIO VERGARA GRANADOS', 2, 6, 'Nuevo', 450000, 1193, 1, 1, 1, 3450000, 0),
(1194, 'JOSE ALEJANDRO MORENO VASQUEZ', 2, 10, 'Nuevo', 870000, 1194, 2, 1, 1, 3550000, 0),
(1195, 'ROMARIO   GARCIA  VERGARA ', 4, 14, 'Nuevo', 2600000, 1195, 3, 2, 1, 2150000, 0),
(1196, 'LORIAN ELISA QUINTERO OROZCO', 3, 11, 'Nuevo', 2100000, 1196, 2, 2, 1, 3500000, 0),
(1197, 'EINER DAVID SIBAJA DE LA ROSA ', 2, 6, 'Nuevo', 450000, 1197, 1, 1, 1, 3450000, 0),
(1198, 'ANDRES GUILLERMO MORENO GAITAN', 2, 2, 'Nuevo', 850000, 1198, 2, 1, 1, 3100000, 0),
(1199, 'MARIA PAULA SEPULVEDA HIGUITA', 3, 12, 'Nuevo', 2100000, 1199, 2, 2, 1, 2800000, 0),
(1200, 'PATRICIA INES PACHECO TEJADA', 4, 14, 'Nuevo', 2600000, 1200, 3, 2, 1, 2150000, 0),
(1201, 'ANA ROSA DELGADO SALGUEDO', 2, 1, 'Nuevo', 850000, 1201, 2, 1, 1, 3500000, 0),
(1202, 'ANDI DUBIER ZAPATA LOPEZ', 2, 1, 'Nuevo', 850000, 1202, 2, 1, 1, 3500000, 0),
(1203, 'DANIEL EVENCIO PAEZ SOTO', 2, 5, 'Nuevo', 700000, 1203, 2, 1, 1, 2800000, 0),
(1204, 'JOVANNY DE JESUS   BUSTOS CORTES', 2, 10, 'Nuevo', 870000, 1204, 2, 1, 1, 3550000, 0),
(1205, 'SANTIAGO DAVID ARIZA ALMARALES', 4, 15, 'Nuevo', 2600000, 1205, 3, 2, 1, 4800000, 0),
(1206, 'JUAN ANDRES YEPES ', 2, 10, 'Nuevo', 870000, 1206, 2, 1, 1, 3550000, 0),
(1207, 'JOHAN ANDERLI JARAMILLO TAPIAS', 2, 10, 'Nuevo', 130000, 1207, 1, 1, 1, 3550000, 0),
(1208, 'SANTIAGO  ALFONSO PALACIOS', 4, 15, 'Nuevo', 2600000, 1208, 3, 2, 1, 4800000, 0),
(1209, 'MANUELA  ALVAREZ RODAS', 3, 12, 'Nuevo', 2100000, 1209, 2, 2, 1, 2800000, 0),
(1210, 'JUAN CAMILO SIERRA PORTILLO', 2, 10, 'Nuevo', 870000, 1210, 2, 1, 1, 3550000, 0),
(1211, 'BRIYITH NATHALIA PARRA CASTRO', 2, 3, 'Nuevo', 745000, 1211, 2, 1, 1, 3150000, 0),
(1212, 'BRAYAN ALEXIS GARZON ARAGON', 2, 3, 'Nuevo', 745000, 1212, 2, 1, 1, 3150000, 0),
(1213, 'ANDRES ALBERTO CASTILLO MARICHAL', 2, 1, 'Nuevo', 850000, 1213, 2, 1, 1, 3500000, 0),
(1214, 'JOSE DANIEL GIL CASTA?O', 2, 10, 'Nuevo', 870000, 1214, 2, 1, 1, 3550000, 0),
(1215, 'ANDRES  SARMIENTO ALBARRACIN', 2, 1, 'Nuevo', 850000, 1215, 2, 1, 1, 3500000, 0),
(1216, 'CARLOS ENRIQUE MONTOYA HOYOS', 2, 4, 'Nuevo', 745000, 1216, 2, 1, 1, 3450000, 0),
(1217, 'KATERINE  MONSALVE PULGARIN', 3, 11, 'Nuevo', 2100000, 1217, 2, 2, 1, 3500000, 0),
(1218, 'BRAYAN MATEO GARCIA MU?OZ', 2, 3, 'Nuevo', 745000, 1218, 2, 1, 1, 3150000, 0),
(1219, 'FRANK MAURICIO GALLO GALLO', 2, 7, 'Nuevo', 450000, 1219, 1, 1, 1, 3500000, 0),
(1220, 'JHON ELKIN DAVID HIGUITA', 2, 9, 'Nuevo', 130000, 1220, 1, 1, 1, 3900000, 0),
(1221, 'WILMER  TARQUINO MOSQUERA', 4, 17, 'Nuevo', 1200000, 1221, 2, 2, 1, 2780000, 0),
(1222, 'ADOLFO DE JESUS   GONZALEZ CANO', 2, 1, 'Nuevo', 850000, 1222, 2, 1, 1, 3500000, 0),
(1223, 'DIEGO STIVEN BARRETO GUZMAN', 2, 5, 'Nuevo', 450000, 1223, 1, 1, 1, 2800000, 0),
(1224, 'RUBEN DARIO CIRO JIMENEZ', 4, 15, 'Nuevo', 2600000, 1224, 3, 2, 1, 4800000, 0),
(1225, 'YARIMA  ORDO?EZ NAVARRO', 4, 18, 'Nuevo', 1200000, 1225, 2, 2, 1, 2650000, 0),
(1226, 'CRISTINA ISABEL RIVAS GONZALEZ', 2, 4, 'Nuevo', 700000, 1226, 2, 1, 1, 3450000, 0),
(1227, 'SEBASTIAN  AGUIRRE ROJAS', 4, 15, 'Nuevo', 2600000, 1227, 3, 2, 1, 4800000, 0),
(1228, 'ANA MARIA VELEZ SALDARRIAGA', 2, 1, 'Nuevo', 850000, 1228, 2, 1, 1, 3500000, 0),
(1229, 'SERGIO ALEJANDRO TORRES CONTRERAS', 4, 15, 'Nuevo', 2600000, 1229, 3, 2, 1, 4800000, 0),
(1230, 'DANIELA  GARIZADO ', 2, 5, 'Nuevo', 700000, 1230, 2, 1, 1, 2800000, 0),
(1231, 'NORMAN DAVIER HORTUA CRUZ', 3, 14, 'Nuevo', 2600000, 1231, 3, 2, 1, 2150000, 0),
(1232, 'SEBASTIAN  HOLGUIN NARVAEZ', 4, 15, 'Nuevo', 2600000, 1232, 3, 2, 1, 4800000, 0),
(1233, 'OSCAR EDUARDO RODRIGUEZ VIVAS', 3, 14, 'Nuevo', 2600000, 1233, 3, 2, 1, 2150000, 0),
(1234, 'JESUS MANUEL LOZANO MOLINA', 2, 9, 'Nuevo', 130000, 1234, 1, 1, 1, 3900000, 0),
(1235, 'MATEO  HERRERA AGUDELO', 3, 13, 'Nuevo', 2100000, 1235, 2, 2, 1, 2200000, 0),
(1236, 'ESTIVEN  HINCAPIE CARDONA', 2, 7, 'Nuevo', 450000, 1236, 1, 1, 1, 3500000, 0),
(1237, 'MARIA CAMILA MEJIA MARTINEZ', 3, 12, 'Nuevo', 2100000, 1237, 2, 2, 1, 2800000, 0),
(1238, 'ANA MARIA NAVARRO ASCANIO', 2, 1, 'Nuevo', 850000, 1238, 2, 1, 1, 3500000, 0),
(1239, 'ANDRES DAVID GUTIERREZ FONTALVO', 2, 1, 'Nuevo', 850000, 1239, 2, 1, 1, 3500000, 0),
(1240, 'MARIA JOSE BETIN CAUSIL', 3, 12, 'Nuevo', 2100000, 1240, 2, 2, 1, 2800000, 0),
(1241, 'YULIZA MARIA GARCIA ALZATE', 4, 19, 'Nuevo', 1200000, 1241, 2, 2, 1, 2450000, 0),
(1242, 'JOINER  PABON JIMENEZ', 2, 10, 'Nuevo', 130000, 1242, 1, 1, 1, 3550000, 0),
(1243, 'VANESSA  VILLEGAS PUERTAS', 4, 16, 'Nuevo', 1200000, 1243, 2, 2, 1, 3170000, 0),
(1244, 'DANIEL CAMILO SERNA GRAJALES', 2, 4, 'Nuevo', 700000, 1244, 2, 1, 1, 3450000, 0),
(1245, 'LUZ ANDREA CAMACHO GUZMAN', 3, 12, 'Nuevo', 2100000, 1245, 2, 2, 1, 2800000, 0),
(1246, 'JAIRO LUIS CAUSIL POLO', 2, 8, 'Nuevo', 130000, 1246, 1, 1, 1, 3680000, 0),
(1247, 'LAURA MELISSA ALZATE ARENAS', 3, 11, 'Nuevo', 2100000, 1247, 2, 2, 1, 3500000, 0),
(1248, 'BYRON ARLEY CARRETERO COFLES', 2, 3, 'Nuevo', 745000, 1248, 2, 1, 1, 3150000, 0),
(1249, 'CRISTIAN ESNEIDER FLOREZ PARDO', 2, 4, 'Nuevo', 700000, 1249, 2, 1, 1, 3450000, 0),
(1250, 'GERSON JESUS BRICE?O RINCON', 2, 7, 'Nuevo', 130000, 1250, 1, 1, 1, 3500000, 0),
(1251, 'JUAN JOSE TELLEZ GALLEGO', 3, 10, 'Nuevo', 2100000, 1251, 2, 2, 1, 3550000, 0),
(1252, 'JHON FREDY SOTO SANCHEZ', 2, 9, 'Nuevo', 130000, 1252, 1, 1, 1, 3900000, 0),
(1253, 'JHON ENDRY AFANADOR PALENCIA', 2, 9, 'Nuevo', 130000, 1253, 1, 1, 1, 3900000, 0),
(1254, 'ROBERTO  ESCOBAR BOTERO', 4, 14, 'Nuevo', 2600000, 1254, 3, 2, 1, 2150000, 0),
(1255, 'DAVIAN ENRIQUE ARRIETA RIOS', 2, 5, 'Nuevo', 450000, 1255, 1, 1, 1, 2800000, 0),
(1256, 'JESSICA TATIANA MARIN DUQUE', 2, 9, 'Nuevo', 130000, 1256, 1, 1, 1, 3900000, 0),
(1257, 'JUAN CAMILO LIEVANO VIDARTE', 2, 10, 'Nuevo', 870000, 1257, 2, 1, 1, 3550000, 0),
(1258, 'YOADALYS ANDREA MERCADO CORREDOR', 4, 18, 'Nuevo', 1200000, 1258, 2, 2, 1, 2650000, 0),
(1259, 'YAQUELINE  MONSALVE GARCIA', 4, 17, 'Nuevo', 1200000, 1259, 2, 2, 1, 2780000, 0),
(1260, 'MARELIS  GONZALEZ HERRERA', 3, 12, 'Nuevo', 2100000, 1260, 2, 2, 1, 2800000, 0),
(1261, 'MARELIS  GONZALEZ HERRERA', 3, 12, 'Nuevo', 2100000, 1261, 2, 2, 1, 2800000, 0),
(1262, 'LUIS FERNANDO PALACIO RODRIGUEZ', 3, 12, 'Nuevo', 2100000, 1262, 2, 2, 1, 2800000, 0),
(1263, 'MARIA ALEJANDRA IBA?ES CALLEJAS', 3, 12, 'Nuevo', 2100000, 1263, 2, 2, 1, 2800000, 0),
(1264, 'JESSICA PAOLA MARTINEZ MATURANA', 2, 9, 'Nuevo', 130000, 1264, 1, 1, 1, 3900000, 0),
(1265, 'CAROLINA  CAMPOS RAMIREZ', 2, 4, 'Nuevo', 745000, 1265, 2, 1, 1, 3450000, 0),
(1266, 'LAURA MABEL CALLE REAL', 3, 11, 'Nuevo', 2100000, 1266, 2, 2, 1, 3500000, 0),
(1267, 'BERTHA  DIAZ LANCE', 2, 3, 'Nuevo', 745000, 1267, 2, 1, 1, 3150000, 0),
(1268, 'MONICA YESENIA QUIROGA FORERO', 3, 13, 'Nuevo', 2600000, 1268, 3, 2, 1, 2200000, 0),
(1269, 'JHON WILMER BONILLA LEGUIZAMON', 2, 9, 'Nuevo', 130000, 1269, 1, 1, 1, 3900000, 0),
(1270, 'GLEISON MANUEL BELTRAN SOLANO', 2, 7, 'Nuevo', 130000, 1270, 1, 1, 1, 3500000, 0),
(1271, 'JUAN CARLOS GUZMAN MADERA', 2, 10, 'Nuevo', 2100000, 1271, 2, 1, 1, 3550000, 0),
(1272, 'ANA MARIA HINCAPIE VERGARA', 2, 1, 'Nuevo', 850000, 1272, 2, 1, 1, 3500000, 0),
(1273, 'MICHAEL  TAMAYO GUZMAN', 3, 13, 'Nuevo', 2100000, 1273, 2, 2, 1, 2200000, 0),
(1274, 'JUAN FELIPE PEREZ OSPINA', 3, 10, 'Nuevo', 2100000, 1274, 2, 2, 1, 3550000, 0),
(1275, 'LUIS FERNANDO MU?OZ RESTREPO', 3, 12, 'Nuevo', 2100000, 1275, 2, 2, 1, 2800000, 0),
(1276, 'TOMAS  CARDONA BOTERO', 4, 16, 'Nuevo', 1200000, 1276, 2, 2, 1, 3170000, 0),
(1277, 'WENDY  RIVERA GARCIA', 4, 16, 'Nuevo', 1200000, 1277, 2, 2, 1, 3170000, 0),
(1278, 'ESTHER LUCIA BERRIO MERCADO', 2, 7, 'Nuevo', 450000, 1278, 1, 1, 1, 3500000, 0),
(1279, 'YINA PAOLA PADILLA PADILLA', 4, 18, 'Nuevo', 1200000, 1279, 2, 2, 1, 2650000, 0),
(1280, 'ALEJANDRO  MARTINEZ RESTREPO', 2, 1, 'Nuevo', 850000, 1280, 2, 1, 1, 3500000, 0),
(1281, 'LAURA ISABEL ARANGO ', 3, 11, 'Nuevo', 2100000, 1281, 2, 2, 1, 3500000, 0),
(1282, 'YURLEDY KATERINE ARANGO YEPES', 4, 19, 'Nuevo', 1200000, 1282, 2, 2, 1, 2450000, 0),
(1283, 'ANDRES FELIPE VERGARA MORALES', 2, 2, 'Nuevo', 850000, 1283, 2, 1, 1, 3100000, 0),
(1284, 'JUAN ESTEBAN MARULANDA CARMONA', 3, 10, 'Nuevo', 2100000, 1284, 2, 2, 1, 3550000, 0),
(1285, 'JAIRO ALFONSO CONSUEGRA RAMIREZ', 2, 8, 'Nuevo', 130000, 1285, 1, 1, 1, 3680000, 0),
(1286, 'BLAINER EDUARDO SALAMANCA ', 2, 3, 'Nuevo', 745000, 1286, 2, 1, 1, 3150000, 0),
(1287, 'BLAINER EDUARDO SALAMANCA RAMIREZ', 2, 3, 'Nuevo', 745000, 1287, 2, 1, 1, 3150000, 0),
(1288, 'YORDI ESTIWAR IDARRAGA ECHAVARRIA', 4, 19, 'Nuevo', 1200000, 1288, 2, 2, 1, 2450000, 0),
(1289, 'CRISTIAN CAMILO MESA GUERRA', 2, 4, 'Nuevo', 700000, 1289, 2, 1, 1, 3450000, 0),
(1290, 'JUAN SEBASTIAN BEDOYA POSADA', 3, 10, 'Nuevo', 2100000, 1290, 2, 2, 1, 3550000, 0),
(1291, 'DEYVIDSON ALONSO GARCIA LEON', 2, 5, 'Nuevo', 450000, 1291, 1, 1, 1, 2800000, 0),
(1292, 'NATALIA  GUZMAN AGUIRRE', 3, 13, 'Nuevo', 2600000, 1292, 3, 2, 1, 2200000, 0),
(1293, 'ANDRES FELIPE ESTRADA BUSTAMANTE', 2, 2, 'Nuevo', 850000, 1293, 2, 1, 1, 3100000, 0),
(1294, 'ARCENIO  VARGAS PARRA', 2, 2, 'Nuevo', 850000, 1294, 2, 1, 1, 3100000, 0),
(1295, 'ADRIANA MARGARITA TRON TORRES', 2, 1, 'Nuevo', 850000, 1295, 2, 1, 1, 3500000, 0),
(1296, 'JULIAN  HOYOS JARAMILLO', 3, 10, 'Nuevo', 2100000, 1296, 2, 2, 1, 3550000, 0),
(1297, 'VALENTINA  PAVAS MORENO', 4, 16, 'Nuevo', 1200000, 1297, 2, 2, 1, 3170000, 0),
(1298, 'CARLOS ANDRES MENA MEDINA', 2, 4, 'Nuevo', 745000, 1298, 2, 1, 1, 3450000, 0),
(1299, 'JEISON ESTIVEN ACERO VEGA', 2, 9, 'Nuevo', 130000, 1299, 1, 1, 1, 3900000, 0),
(1300, 'YOLANDA MILADIS ZULUAGA GARIZABAL', 4, 19, 'Nuevo', 1200000, 1300, 2, 2, 1, 2450000, 0),
(1301, 'YEFRY ALEXANDER ACEVEDO COLORADO', 4, 18, 'Nuevo', 1200000, 1301, 2, 2, 1, 2650000, 0),
(1302, 'EMMANUEL  PE?A BUILES', 2, 6, 'Nuevo', 450000, 1302, 1, 1, 1, 3450000, 0),
(1303, 'LUIS FERNANDO RUIZ BENITEZ', 3, 12, 'Nuevo', 2100000, 1303, 2, 2, 1, 2800000, 0),
(1304, 'LINA MILENA MESA LOAIZA', 3, 11, 'Nuevo', 2100000, 1304, 2, 2, 1, 3500000, 0),
(1305, 'JESUS MANUEL BANQUETT BUELVAS', 2, 9, 'Nuevo', 130000, 1305, 1, 1, 1, 3900000, 0),
(1306, 'DEISON FERNEY DAVID TORRES', 2, 5, 'Nuevo', 450000, 1306, 1, 1, 1, 2800000, 0),
(1307, 'NORMA  CUY GARCIA', 3, 14, 'Nuevo', 2600000, 1307, 3, 2, 1, 2150000, 0),
(1308, 'YENY KATHERINE RAMIREZ SALAZAR', 4, 18, 'Nuevo', 1200000, 1308, 2, 2, 1, 2650000, 0),
(1309, 'ISABEL MARIA LOPEZ CORDERO', 2, 7, 'Nuevo', 130000, 1309, 1, 1, 1, 3500000, 0),
(1310, 'JAIME JESUS SUAREZ VIZCAINO', 2, 8, 'Nuevo', 130000, 1310, 1, 1, 1, 3680000, 0),
(1311, 'CRISTIAN CAMILO QUIROZ SANCHEZ', 2, 4, 'Nuevo', 700000, 1311, 2, 1, 1, 3450000, 0),
(1312, 'HANS  CASTELBLANCO CALLEJAS', 2, 7, 'Nuevo', 130000, 1312, 1, 1, 1, 3500000, 0),
(1313, 'LUIS HERNAN ARIAS LOZANO', 3, 12, 'Nuevo', 2100000, 1313, 2, 2, 1, 2800000, 0),
(1314, 'JOSE ALBERTO VILLALOBOS ARIAS', 2, 10, 'Nuevo', 870000, 1314, 2, 1, 1, 3550000, 0),
(1315, 'XIOMARA ANDREA SANCHEZ CARMONA', 4, 17, 'Nuevo', 1200000, 1315, 2, 2, 1, 2780000, 0),
(1316, 'MICHAEL YESID MENDEZ VIDAL', 3, 13, 'Nuevo', 2600000, 1316, 3, 2, 1, 2200000, 0),
(1317, 'JARISON JAVIER MENDOZA CARTAGENA', 2, 8, 'Nuevo', 130000, 1317, 1, 1, 1, 3680000, 0),
(1318, 'DIEGO FERNANDO NAVARRO CA?IZAREZ', 2, 5, 'Nuevo', 450000, 1318, 1, 1, 1, 2800000, 0),
(1319, 'JUAN SEBASTIAN ORJUELA FORERO', 3, 10, 'Nuevo', 2100000, 1319, 2, 2, 1, 3550000, 0),
(1320, 'MOISES  GONZALES JIMENEZ', 3, 13, 'Nuevo', 2600000, 1320, 3, 2, 1, 2200000, 0),
(1321, 'VANESSA YULIETH TOVAR DIAZ', 4, 16, 'Nuevo', 1200000, 1321, 2, 2, 1, 3170000, 0),
(1322, 'MARCO ANTONIO SANCHEZ NAVARRO', 3, 12, 'Nuevo', 2100000, 1322, 2, 2, 1, 2800000, 0),
(1323, 'CESAR AUGUSTO QUINTANA ALVAREZ', 2, 4, 'Nuevo', 700000, 1323, 2, 1, 1, 3450000, 0),
(1324, 'DIXON ALEXIS GARCIA BEDOYA', 2, 6, 'Nuevo', 450000, 1324, 1, 1, 1, 3450000, 0),
(1325, 'VERONICA  LOPEZ TEHERAN', 4, 16, 'Nuevo', 1200000, 1325, 2, 2, 1, 3170000, 0),
(1326, 'CRISTINA  JIMENEZ LONDO?O', 2, 4, 'Nuevo', 700000, 1326, 2, 1, 1, 3450000, 0),
(1327, 'PAOLA ANDREA MARIN ARANGO', 4, 14, 'Nuevo', 2600000, 1327, 3, 2, 1, 2150000, 0),
(1328, 'YUSLEIDI  CORDOVA HOYOS', 4, 19, 'Nuevo', 1200000, 1328, 2, 2, 1, 2450000, 0),
(1329, 'JOSE GREGORIO PERNALETE ANAYA', 2, 10, 'Nuevo', 870000, 1329, 2, 1, 1, 3550000, 0),
(1330, 'JOSEPH ALEXIS PINZON BAUTISTA', 2, 10, 'Nuevo', 870000, 1330, 2, 1, 1, 3550000, 0),
(1331, 'SINDY PAOLA VERGARA BARRIOS', 4, 16, 'Nuevo', 2600000, 1331, 3, 2, 1, 3170000, 0),
(1332, 'LUIS MIGUEL RODRIGEZ ALDANA', 3, 12, 'Nuevo', 2100000, 1332, 2, 2, 1, 2800000, 0),
(1333, 'JAVIER ESTEBAN RESTREPO PARIAS', 2, 8, 'Nuevo', 130000, 1333, 1, 1, 1, 3680000, 0),
(1334, 'EVA SANDRID DUARTE TRIVI?O', 2, 7, 'Nuevo', 450000, 1334, 1, 1, 1, 3500000, 0),
(1335, 'LEIDY NATALIA TIRADO PE?ALOZA', 3, 11, 'Nuevo', 2100000, 1335, 2, 2, 1, 3500000, 0),
(1336, 'CAROLINA MARIA  CASTRILLON  OCHOA', 2, 4, 'Nuevo', 700000, 1336, 2, 1, 1, 3450000, 0),
(1337, 'BREINER DAVID HERNANDEZ LARA', 2, 3, 'Nuevo', 745000, 1337, 2, 1, 1, 3150000, 0),
(1338, 'YESENIA  MENDOZA ESTRADA', 4, 18, 'Nuevo', 1200000, 1338, 2, 2, 1, 2650000, 0),
(1339, 'NICOLAS  FONSECA ECHEVERRIA', 3, 14, 'Nuevo', 2600000, 1339, 3, 2, 1, 2150000, 0),
(1340, 'JAIR ALBERTO FLOREZ ALVAREZ', 2, 8, 'Nuevo', 130000, 1340, 1, 1, 1, 3680000, 0),
(1341, 'MILLER ALEXIS RAMOS TORO', 3, 13, 'Nuevo', 2600000, 1341, 3, 2, 1, 2200000, 0),
(1342, 'MAY ELIANA BARROS MACHUCA', 3, 13, 'Nuevo', 2100000, 1342, 2, 2, 1, 2200000, 0),
(1343, 'GINNA VANNESA ROJAS MURILLO', 2, 7, 'Nuevo', 130000, 1343, 1, 1, 1, 3500000, 0),
(1344, 'DAVID REINALDO BERMUDEZ VELASQUEZ', 2, 5, 'Nuevo', 450000, 1344, 1, 1, 1, 2800000, 0),
(1345, 'PADILLA MIJARES YHOANGEL JOSE', 4, 14, 'Nuevo', 2600000, 1345, 3, 2, 1, 2150000, 0),
(1346, 'LAURA HASBLEIDY GOMEZ JIMENEZ', 3, 11, 'Nuevo', 2100000, 1346, 2, 2, 1, 3500000, 0),
(1347, 'LISANDRO  TORRES GONZALEZ', 3, 11, 'Nuevo', 2100000, 1347, 2, 2, 1, 3500000, 0),
(1348, 'PAOLA ANDREA TORO ANGEL', 4, 14, 'Nuevo', 2600000, 1348, 3, 2, 1, 2150000, 0),
(1349, 'MARVI JOHAN FORERO PARRA', 3, 13, 'Nuevo', 2100000, 1349, 2, 2, 1, 2200000, 0),
(1350, 'JUAN SEBASTIAN ORTIZ FLOREZ', 3, 10, 'Nuevo', 2100000, 1350, 2, 2, 1, 3550000, 0),
(1351, 'JOAN ESTEBAN PAMPLONA MORALES', 2, 10, 'Nuevo', 130000, 1351, 1, 1, 1, 3550000, 0),
(1352, 'JAIR POMPILIO MARROQUIN GALVIS', 2, 8, 'Nuevo', 130000, 1352, 1, 1, 1, 3680000, 0),
(1353, 'JUAN ESTEBAN QUIROZ MORENO', 3, 10, 'Nuevo', 2100000, 1353, 2, 2, 1, 3550000, 0),
(1354, 'JUAN DIEGO CHALARCA MARQUEZ', 3, 10, 'Nuevo', 2100000, 1354, 2, 2, 1, 3550000, 0),
(1355, 'ALEJANDRO  TRIANA ARIZA', 2, 1, 'Nuevo', 850000, 1355, 2, 1, 1, 3500000, 0),
(1356, 'OSWALDO  CIFUENTES SOSA', 4, 14, 'Nuevo', 2600000, 1356, 3, 2, 1, 2150000, 0),
(1357, 'DEISY LORENA ROLON GELVEZ', 2, 5, 'Nuevo', 450000, 1357, 1, 1, 1, 2800000, 0),
(1358, 'LAURA MARCELA JARAMILLO PELAEZ', 3, 11, 'Nuevo', 2100000, 1358, 2, 2, 1, 3500000, 0),
(1359, 'BRAYAN SMITH AVILA RODRIGUEZ', 2, 3, 'Nuevo', 745000, 1359, 2, 1, 1, 3150000, 0),
(1360, 'YOJENIS  PEREZ PEREZ', 4, 19, 'Nuevo', 1200000, 1360, 2, 2, 1, 2450000, 0),
(1361, 'WENDY CAROLINA CASTELLANOS DELGADO', 4, 16, 'Nuevo', 1200000, 1361, 2, 2, 1, 3170000, 0),
(1362, 'YERMAN ANDRES SOLANO RUIZ', 4, 18, 'Nuevo', 1200000, 1362, 2, 2, 1, 2650000, 0),
(1363, 'ANDRES CAMILO RAMIREZ GIRALDO', 2, 1, 'Nuevo', 850000, 1363, 2, 1, 1, 3500000, 0),
(1364, 'HARRINSON  MU?OZ PULGARIN', 2, 7, 'Nuevo', 130000, 1364, 1, 1, 1, 3500000, 0),
(1365, 'DANIEL ENRIQUE ARIAS SUAREZ', 2, 5, 'Nuevo', 700000, 1365, 2, 1, 1, 2800000, 0),
(1366, 'MAIRA ALEJANDRA SALCEDO LOPEZ', 3, 12, 'Nuevo', 2100000, 1366, 2, 2, 1, 2800000, 0),
(1367, 'JUAN PABLO RIVERA RAMIREZ', 3, 10, 'Nuevo', 2100000, 1367, 2, 2, 1, 3550000, 0),
(1368, 'CAMILO ANDRES LOPEZ MARTINEZ', 2, 4, 'Nuevo', 745000, 1368, 2, 1, 1, 3450000, 0),
(1369, 'SEBASTIAN  MU?ETON CASTRILLON', 4, 15, 'Nuevo', 2600000, 1369, 3, 2, 1, 4800000, 0),
(1370, 'BRAYAN CAMILO URIBE OLAYA', 2, 3, 'Nuevo', 745000, 1370, 2, 1, 1, 3150000, 0),
(1371, 'DANIEL FELIPE RUEDA HIGUITA', 2, 5, 'Nuevo', 700000, 1371, 2, 1, 1, 2800000, 0),
(1372, 'JENIFER  AGUDELO OSPINA', 2, 9, 'Nuevo', 130000, 1372, 1, 1, 1, 3900000, 0),
(1373, 'JUAN CAMILO ZAPATA LOPEZ', 2, 10, 'Nuevo', 870000, 1373, 2, 1, 1, 3550000, 0),
(1374, 'JEISON  CHAVERRA ORTIZ', 2, 8, 'Nuevo', 130000, 1374, 1, 1, 1, 3680000, 0),
(1375, 'FERNANDO JOSE BEJARANO LARA', 2, 7, 'Nuevo', 450000, 1375, 1, 1, 1, 3500000, 0),
(1376, 'NORBEY  TOBON TOBON', 3, 14, 'Nuevo', 2600000, 1376, 3, 2, 1, 2150000, 0),
(1377, 'LADY JOHANA ESPITIA RETAVISCA', 3, 11, 'Nuevo', 2100000, 1377, 2, 2, 1, 3500000, 0),
(1378, 'LEIDY VANESA RAMIREZ RAMIREZ', 3, 11, 'Nuevo', 2100000, 1378, 2, 2, 1, 3500000, 0),
(1379, 'JESSICA PAMELA MONTES LOPERA', 2, 9, 'Nuevo', 130000, 1379, 1, 1, 1, 3900000, 0),
(1380, 'ANDREA MILEIDY PULGARIN MENDEZ', 2, 1, 'Nuevo', 850000, 1380, 2, 1, 1, 3500000, 0),
(1381, 'CRISTIAN  CORDOBA ROMANA', 2, 4, 'Nuevo', 700000, 1381, 2, 1, 1, 3450000, 0),
(1382, 'CIRLEI  CUERO ORDO?EZ', 2, 4, 'Nuevo', 700000, 1382, 2, 1, 1, 3450000, 0),
(1383, 'YAQUELINE  ORTIZ OQUENDO', 4, 17, 'Nuevo', 1200000, 1383, 2, 2, 1, 2780000, 0),
(1384, 'ALVARO FABIAN GARCIA PARADA', 2, 1, 'Nuevo', 850000, 1384, 2, 1, 1, 3500000, 0),
(1385, 'CRISTIAN FERNANDO OROZCO HENAO', 2, 4, 'Nuevo', 700000, 1385, 2, 1, 1, 3450000, 0),
(1386, 'BRAYAN CAMILO CASTA?EDA GUTIERREZ', 2, 3, 'Nuevo', 745000, 1386, 2, 1, 1, 3150000, 0),
(1387, 'MARIA FERNANDA TARAZONA DIAZ', 3, 12, 'Nuevo', 2100000, 1387, 2, 2, 1, 2800000, 0),
(1388, 'DUVAR ARLEY CHAVARRIA LUJAN', 2, 6, 'Nuevo', 450000, 1388, 1, 1, 1, 3450000, 0),
(1389, 'ANDRES FELIPE ANGEL ', 2, 2, 'Nuevo', 850000, 1389, 2, 1, 1, 3100000, 0),
(1390, 'MAICOL  JARAMILLO OSORIO', 3, 12, 'Nuevo', 2100000, 1390, 2, 2, 1, 2800000, 0),
(1391, 'ALEJANDRO  HIGUITA RODRIGUEZ', 2, 1, 'Nuevo', 850000, 1391, 2, 1, 1, 3500000, 0),
(1392, 'ALVERTH ANTONIO ARTEAGA DIAZ', 2, 1, 'Nuevo', 850000, 1392, 2, 1, 1, 3500000, 0),
(1393, 'JHONATAN  CORREA CORREA', 2, 9, 'Nuevo', 130000, 1393, 1, 1, 1, 3900000, 0),
(1394, 'JHONATHAN EDUARDO SANABRIA LOZANO', 2, 9, 'Nuevo', 130000, 1394, 1, 1, 1, 3900000, 0),
(1395, 'YEIFERSON ANDRES ZAPATA MONSALVE', 4, 18, 'Nuevo', 1200000, 1395, 2, 2, 1, 2650000, 0),
(1396, 'CARLOS ESTIVEN ROMAN ZAPATA', 2, 4, 'Nuevo', 745000, 1396, 2, 1, 1, 3450000, 0),
(1397, 'ALBERHT CAMILO CASTA?O GALLEGO', 2, 1, 'Nuevo', 850000, 1397, 2, 1, 1, 3500000, 0),
(1398, 'JAVIER ANDRES TRIANA SIERRA', 2, 8, 'Nuevo', 130000, 1398, 1, 1, 1, 3680000, 0),
(1399, 'JUAN ESTEBAN ZULUAGA ZAPATA', 3, 10, 'Nuevo', 2100000, 1399, 2, 2, 1, 3550000, 0),
(1400, 'MARBELL JENITH CONTRERAS BORJA', 3, 12, 'Nuevo', 2100000, 1400, 2, 2, 1, 2800000, 0),
(1401, 'LUIS MIGUEL MACHUCA SILVA', 3, 12, 'Nuevo', 2100000, 1401, 2, 2, 1, 2800000, 0),
(1402, 'LUZ ADRIANA ORTIZ HOYOS', 3, 12, 'Nuevo', 2100000, 1402, 2, 2, 1, 2800000, 0),
(1403, 'JOHAN STIVEN RESTREPO GARCIA', 2, 10, 'Nuevo', 130000, 1403, 1, 1, 1, 3550000, 0),
(1404, 'JORMAN ENRIQUE MILLAN BORDA', 2, 10, 'Nuevo', 870000, 1404, 2, 1, 1, 3550000, 0),
(1405, 'HECTOR EMILIANO ROJAS PEDROSO', 2, 7, 'Nuevo', 130000, 1405, 1, 1, 1, 3500000, 0),
(1406, 'DANIEL FELIPE MARTINEZ HERRERA', 2, 5, 'Nuevo', 700000, 1406, 2, 1, 1, 2800000, 0),
(1407, 'MANUEL FERNANDO HERRERA ORDO?EZ', 3, 12, 'Nuevo', 2100000, 1407, 2, 2, 1, 2800000, 0),
(1408, 'JUAN ESTEBAN MOLINA CHAVARRIAGA', 3, 10, 'Nuevo', 2100000, 1408, 2, 2, 1, 3550000, 0),
(1409, 'DANIA GABRIELA VEGA ROA', 2, 4, 'Nuevo', 700000, 1409, 2, 1, 1, 3450000, 0),
(1410, 'SILVIO JOSE HERRERA PETERNINA', 4, 16, 'Nuevo', 2600000, 1410, 3, 2, 1, 3170000, 0),
(1411, 'YAN CARLO RESTREPO RAMOS', 4, 17, 'Nuevo', 1200000, 1411, 2, 2, 1, 2780000, 0),
(1412, 'NELSON YEIFERSON RUIZ MONTILLA', 3, 13, 'Nuevo', 2600000, 1412, 3, 2, 1, 2200000, 0),
(1413, 'WILLIAM EDUARDO PRIETO LORA', 4, 17, 'Nuevo', 1200000, 1413, 2, 2, 1, 2780000, 0),
(1414, 'VALERIA  ARANGO CARMONA', 4, 16, 'Nuevo', 1200000, 1414, 2, 2, 1, 3170000, 0),
(1415, 'JEISSON STIVEN RODRIGUEZ PRADA', 2, 9, 'Nuevo', 130000, 1415, 1, 1, 1, 3900000, 0),
(1416, 'ARTURI  GELVEZ ORTIZ', 2, 2, 'Nuevo', 850000, 1416, 2, 1, 1, 3100000, 0),
(1417, 'JESSITH ALEXIS VANEGAS PABON', 2, 9, 'Nuevo', 130000, 1417, 1, 1, 1, 3900000, 0),
(1418, 'JHONATAN DAVID MESA RIOS', 2, 9, 'Nuevo', 130000, 1418, 1, 1, 1, 3900000, 0),
(1419, 'JUAN VICENTE RODRIGUEZ GOMEZ', 3, 10, 'Nuevo', 2100000, 1419, 2, 2, 1, 3550000, 0),
(1420, 'DIEGO DE JESUS   MU?OZ CASTRILLON', 2, 5, 'Nuevo', 450000, 1420, 1, 1, 1, 2800000, 0),
(1421, 'YURLEY TATIANA LARA LIZCANO', 4, 19, 'Nuevo', 1200000, 1421, 2, 2, 1, 2450000, 0),
(1422, 'RICHAR  JIMENEZ MARTINEZ', 4, 14, 'Nuevo', 2600000, 1422, 3, 2, 1, 2150000, 0),
(1423, 'DILLIS YORLADIS ORTIZ RAMIREZ', 2, 6, 'Nuevo', 450000, 1423, 1, 1, 1, 3450000, 0),
(1424, 'ELIANA  COGOLLO LOPEZ', 2, 6, 'Nuevo', 450000, 1424, 1, 1, 1, 3450000, 0),
(1425, 'JENIFER JULIET OROZCO PINERES', 2, 9, 'Nuevo', 130000, 1425, 1, 1, 1, 3900000, 0),
(1426, 'JENIFER JULIET OROZCO PI?ERES', 2, 9, 'Nuevo', 130000, 1426, 1, 1, 1, 3900000, 0),
(1427, 'JAIR ANDRES QUI?ONES POLO', 2, 8, 'Nuevo', 130000, 1427, 1, 1, 1, 3680000, 0),
(1428, 'CRISTIAN CAMILO LEGUIZAMO GUTIERREZ', 2, 4, 'Nuevo', 700000, 1428, 2, 1, 1, 3450000, 0),
(1429, 'YILBER ARLEY NAVARRO CALLE', 4, 18, 'Nuevo', 1200000, 1429, 2, 2, 1, 2650000, 0),
(1430, 'ANTONIO JOSE CARDONA LOAISA', 2, 2, 'Nuevo', 850000, 1430, 2, 1, 1, 3100000, 0),
(1431, 'DORA  VILLEGAS ', 2, 6, 'Nuevo', 450000, 1431, 1, 1, 1, 3450000, 0),
(1432, 'JOSE ORLANDO ALARCON VARGAS', 2, 10, 'Nuevo', 870000, 1432, 2, 1, 1, 3550000, 0),
(1433, 'MARLON ANDRES TORRES FERNANDEZ', 3, 13, 'Nuevo', 2100000, 1433, 2, 2, 1, 2200000, 0),
(1434, 'JUAN CAMILO CARRILLO CASTRO', 2, 10, 'Nuevo', 870000, 1434, 2, 1, 1, 3550000, 0),
(1435, 'DANGELY  RUA RESTREPO', 2, 4, 'Nuevo', 700000, 1435, 2, 1, 1, 3450000, 0),
(1436, 'WILMER ANDREY CALDERON ', 4, 17, 'Nuevo', 1200000, 1436, 2, 2, 1, 2780000, 0),
(1437, 'HENRY ALEJANDRO VARGAS COSSIO', 2, 7, 'Nuevo', 130000, 1437, 1, 1, 1, 3500000, 0),
(1438, 'LUIS DAVID SERPA TOVIO', 3, 12, 'Nuevo', 2100000, 1438, 2, 2, 1, 2800000, 0),
(1439, 'ANDERSON FERNANDO LEGUIZAMON RIVERA', 2, 1, 'Nuevo', 850000, 1439, 2, 1, 1, 3500000, 0),
(1440, 'DIEGO FERNANDO BERMUDEZ CRUZ', 2, 5, 'Nuevo', 450000, 1440, 1, 1, 1, 2800000, 0),
(1441, 'CARMEN PATRICIA MIRANDA ROMERO', 2, 4, 'Nuevo', 745000, 1441, 2, 1, 1, 3450000, 0),
(1442, 'CAMILO ANDRES SANABRIA RAMOS', 2, 4, 'Nuevo', 745000, 1442, 2, 1, 1, 3450000, 0),
(1443, 'CINDY PAOLA GARCIA LARA', 2, 4, 'Nuevo', 700000, 1443, 2, 1, 1, 3450000, 0),
(1444, 'JEAN PIERRE MONTIER GOMEZ', 2, 8, 'Nuevo', 130000, 1444, 1, 1, 1, 3680000, 0),
(1445, 'JUAN PABLO ALZATE VILLA', 3, 10, 'Nuevo', 2100000, 1445, 2, 2, 1, 3550000, 0),
(1446, 'GERMAN EDUARDO MU?OZ OLIVERO', 2, 7, 'Nuevo', 130000, 1446, 1, 1, 1, 3500000, 0),
(1447, 'CRISTIAN CAMILO VASQUEZ ALZATE', 2, 4, 'Nuevo', 700000, 1447, 2, 1, 1, 3450000, 0),
(1448, 'BRAHYAN FELIPE CARDOZO RODRIGUEZ', 2, 3, 'Nuevo', 745000, 1448, 2, 1, 1, 3150000, 0),
(1449, 'TANIA ARACELLY RUIZ GRISALES', 4, 16, 'Nuevo', 1200000, 1449, 2, 2, 1, 3170000, 0),
(1450, 'DEISY YURANI QUINTERO VASQUEZ', 2, 5, 'Nuevo', 450000, 1450, 1, 1, 1, 2800000, 0),
(1451, 'JEISON  NAVARRO MEJIA', 2, 8, 'Nuevo', 130000, 1451, 1, 1, 1, 3680000, 0),
(1452, 'KRISS  CUADRADO VERGARA', 3, 11, 'Nuevo', 2100000, 1452, 2, 2, 1, 3500000, 0),
(1453, 'MARIO ALEXANDER VELOSA ', 3, 13, 'Nuevo', 2100000, 1453, 2, 2, 1, 2200000, 0),
(1454, 'DAIRON  PUERTA FERNANDEZ', 2, 4, 'Nuevo', 700000, 1454, 2, 1, 1, 3450000, 0),
(1455, 'LUIS ANGEL CHACON ', 3, 12, 'Nuevo', 2100000, 1455, 2, 2, 1, 2800000, 0),
(1456, 'LUIS ANGEL CHACON ACU?A', 3, 12, 'Nuevo', 2100000, 1456, 2, 2, 1, 2800000, 0),
(1457, 'JANER ANTONIO SANTIAGO VERGEL', 2, 8, 'Nuevo', 130000, 1457, 1, 1, 1, 3680000, 0),
(1458, 'MARIA DEL CARMEN   LONDONO CADAVID', 3, 12, 'Nuevo', 2100000, 1458, 2, 2, 1, 2800000, 0),
(1459, 'WENCESLAO  ORTEGA ZAPATA', 4, 16, 'Nuevo', 1200000, 1459, 2, 2, 1, 3170000, 0),
(1460, 'SERGIO ALONSO JIMENEZ GOMEZ', 4, 15, 'Nuevo', 2600000, 1460, 3, 2, 1, 4800000, 0),
(1461, 'JUAN DANIEL CASTA?EDA CARDONA', 2, 10, 'Nuevo', 2100000, 1461, 2, 1, 1, 3550000, 0),
(1462, 'MICHAEL ANDRES SANCHEZ AUSIQUEN', 3, 13, 'Nuevo', 2100000, 1462, 2, 2, 1, 2200000, 0),
(1463, 'SANTIAGO  VALENCIA SANCHEZ', 4, 15, 'Nuevo', 2600000, 1463, 3, 2, 1, 4800000, 0),
(1464, 'DARLON DAYETH AGUILAR MIRANDA', 2, 5, 'Nuevo', 450000, 1464, 1, 1, 1, 2800000, 0),
(1465, 'BRIAN  GODOY IBARRA', 2, 3, 'Nuevo', 745000, 1465, 2, 1, 1, 3150000, 0),
(1466, 'ANDRES FELIPE RAMIREZ HIGUITA', 2, 2, 'Nuevo', 850000, 1466, 2, 1, 1, 3100000, 0),
(1467, 'HERSON JUSEP DUQUE ARIZA', 2, 7, 'Nuevo', 130000, 1467, 1, 1, 1, 3500000, 0),
(1468, 'LUIS FERNANDO LEZCANO HERNANDEZ', 3, 12, 'Nuevo', 2100000, 1468, 2, 2, 1, 2800000, 0),
(1469, 'TATIANA  ORTIZ ORTIZ', 4, 16, 'Nuevo', 1200000, 1469, 2, 2, 1, 3170000, 0),
(1470, 'V?CTOR ALEXIS ESTEVEZ AGUILAR', 4, 16, 'Nuevo', 1200000, 1470, 2, 2, 1, 3170000, 0),
(1471, 'LUCERO LORENLY EDUARDO VELASCO', 3, 11, 'Nuevo', 2100000, 1471, 2, 2, 1, 3500000, 0),
(1472, 'JAIME ALBERTO GALVIS GOMEZ', 2, 8, 'Nuevo', 130000, 1472, 1, 1, 1, 3680000, 0),
(1473, 'IVAN DARIO DIAZ ALVAREZ', 2, 7, 'Nuevo', 130000, 1473, 1, 1, 1, 3500000, 0),
(1474, 'ADRIANA PAOLA MALDONADO SANCHEZ', 2, 1, 'Nuevo', 850000, 1474, 2, 1, 1, 3500000, 0),
(1475, 'MANUELA  BERMUDEZ OCHOA', 3, 12, 'Nuevo', 2100000, 1475, 2, 2, 1, 2800000, 0),
(1476, 'JAYSON DANIEL SOTO TORRES', 2, 8, 'Nuevo', 130000, 1476, 1, 1, 1, 3680000, 0),
(1477, 'ELKIN EDUARDO JAIMES MU?OZ', 2, 6, 'Nuevo', 450000, 1477, 1, 1, 1, 3450000, 0),
(1478, 'FREDY ALEJANDRO RAMIREZ MACIAS', 2, 7, 'Nuevo', 450000, 1478, 1, 1, 1, 3500000, 0),
(1479, 'LUIS EDUARDO MEZA PERCIA', 3, 12, 'Nuevo', 2100000, 1479, 2, 2, 1, 2800000, 0),
(1480, 'STEVEN SMITH BOTERO GONZALEZ', 4, 16, 'Nuevo', 1200000, 1480, 2, 2, 1, 3170000, 0),
(1481, 'JUAN DAVID RESTREPO PEREZ', 3, 10, 'Nuevo', 2100000, 1481, 2, 2, 1, 3550000, 0),
(1482, 'VICTOR ALFONSO RONDON PEREZ', 4, 16, 'Nuevo', 1200000, 1482, 2, 2, 1, 3170000, 0),
(1483, 'JUAN DAVID SANCHEZ SARRAZOLA', 3, 10, 'Nuevo', 2100000, 1483, 2, 2, 1, 3550000, 0),
(1484, 'CESAR AUGUSTO MARTINEZ LLANOS', 2, 4, 'Nuevo', 700000, 1484, 2, 1, 1, 3450000, 0),
(1485, 'CAREN SUGEY RIA?OS MARTINEZ', 2, 4, 'Nuevo', 745000, 1485, 2, 1, 1, 3450000, 0),
(1486, 'ESNEIDER  USECHE ', 2, 6, 'Nuevo', 450000, 1486, 1, 1, 1, 3450000, 0),
(1487, 'MARLON ALEXANDER SOSA SALDARRIAGA', 3, 13, 'Nuevo', 2100000, 1487, 2, 2, 1, 2200000, 0),
(1488, 'CARLOS ARMANDO TIQUE NAVAS', 2, 4, 'Nuevo', 745000, 1488, 2, 1, 1, 3450000, 0),
(1489, 'DANIEL  JIMENEZ GRAJALES', 2, 4, 'Nuevo', 700000, 1489, 2, 1, 1, 3450000, 0),
(1490, 'JAILER ANDREY CARDENAS PARRA', 2, 8, 'Nuevo', 130000, 1490, 1, 1, 1, 3680000, 0),
(1491, 'BRAULIO JESUS GONZALEZ MU?OZ', 2, 3, 'Nuevo', 745000, 1491, 2, 1, 1, 3150000, 0),
(1492, 'BORIS ANDRES PAVA PACHECO', 2, 3, 'Nuevo', 745000, 1492, 2, 1, 1, 3150000, 0),
(1493, 'YHOAN SEBASTIAN LASTRE LOPEZ', 4, 18, 'Nuevo', 1200000, 1493, 2, 2, 1, 2650000, 0),
(1494, 'WILMER  OLIVEROS CANTOR', 4, 17, 'Nuevo', 1200000, 1494, 2, 2, 1, 2780000, 0),
(1495, 'MANUEL  MADARRIAGA FELIZZONA', 3, 12, 'Nuevo', 2100000, 1495, 2, 2, 1, 2800000, 0),
(1496, 'JHONATAN FERNEY ORTIZ CANO', 2, 9, 'Nuevo', 130000, 1496, 1, 1, 1, 3900000, 0),
(1497, 'SEBASTIAN  MIRANDA ZULETA', 4, 15, 'Nuevo', 2600000, 1497, 3, 2, 1, 4800000, 0),
(1498, 'JUAN CAMILO GUISAO RUIZ', 2, 10, 'Nuevo', 870000, 1498, 2, 1, 1, 3550000, 0),
(1499, 'ANGEL  MARMOLEJO HERRERA', 2, 2, 'Nuevo', 850000, 1499, 2, 1, 2, 3100000, 0),
(1500, 'ANGELA ALBERY PEREZ HERRERA', 2, 2, 'Nuevo', 850000, 1500, 2, 1, 2, 3100000, 0),
(1501, 'CRISTIAN DAVID MORENO RIVAS', 2, 4, 'Nuevo', 700000, 1501, 2, 1, 2, 3450000, 0),
(1502, 'JHONY  GIRALDO MONTEROSA', 2, 9, 'Nuevo', 130000, 1502, 1, 1, 2, 3900000, 0),
(1503, 'MELISSA  ALVAREZ BERRIO', 3, 13, 'Nuevo', 2100000, 1503, 2, 2, 2, 2200000, 0),
(1504, 'THALIANA  JARAMILLO CARMONA', 4, 16, 'Nuevo', 1200000, 1504, 2, 2, 2, 3170000, 0),
(1505, 'EMERSON RAFAEL DE LA CRUZ PEREZ ', 2, 6, 'Nuevo', 450000, 1505, 1, 1, 2, 3450000, 0),
(1506, 'JESSICA PAOLA IMITOLA LEON', 2, 9, 'Nuevo', 130000, 1506, 1, 1, 2, 3900000, 0),
(1507, 'RAFAEL ARBEY MARTINEZ POVEDA', 4, 14, 'Nuevo', 2600000, 1507, 3, 2, 2, 2150000, 0),
(1508, 'YAMID YESID CARPIO MIRANDA', 4, 17, 'Nuevo', 1200000, 1508, 2, 2, 2, 2780000, 0),
(1509, 'JUAN DANIEL MORENO ESPINAL', 2, 10, 'Nuevo', 2100000, 1509, 2, 1, 2, 3550000, 0),
(1510, 'DANIELA ANDREA VELEZ RESTREPO', 2, 5, 'Nuevo', 450000, 1510, 1, 1, 2, 2800000, 0),
(1511, 'ANDERSON JAVIER TORREGLOSA GULFO', 2, 1, 'Nuevo', 850000, 1511, 2, 1, 2, 3500000, 0),
(1512, 'JHON JAIRO ARENAS VILLAMIZAR', 2, 9, 'Nuevo', 130000, 1512, 1, 1, 2, 3900000, 0),
(1513, 'MOISES  MANUEL AGAMEZ LOPEZ', 3, 13, 'Nuevo', 2600000, 1513, 3, 2, 2, 2200000, 0),
(1514, 'LUIS ALFREDO COLORADO CARRILLO', 3, 12, 'Nuevo', 2100000, 1514, 2, 2, 2, 2800000, 0),
(1515, 'OSCAR DARIO BOBADILLA SALGADO', 3, 14, 'Nuevo', 2600000, 1515, 3, 2, 2, 2150000, 0),
(1516, 'SERGIO  VIVAS BARRIOS', 4, 15, 'Nuevo', 2600000, 1516, 3, 2, 2, 4800000, 0),
(1517, 'SERGIO ALEJANDRO LONDO?O MEJIA', 4, 15, 'Nuevo', 2600000, 1517, 3, 2, 2, 4800000, 0),
(1518, 'MIGUEL ANGEL BAYONA PEREZ', 3, 13, 'Nuevo', 2600000, 1518, 3, 2, 2, 2200000, 0),
(1519, 'JAIDER SMIT RUIZ RODRIGUEZ', 2, 7, 'Nuevo', 130000, 1519, 1, 1, 2, 3500000, 0),
(1520, 'JUAN FELIPE LOPEZ MORENO', 3, 10, 'Nuevo', 2100000, 1520, 2, 2, 2, 3550000, 0),
(1521, 'SAMUEL ALEXANDER QUINTERO RESTREPO', 4, 15, 'Nuevo', 2600000, 1521, 3, 2, 2, 4800000, 0),
(1522, 'ANDERSON OVED VARGAS GONZALEZ', 2, 1, 'Nuevo', 850000, 1522, 2, 1, 2, 3500000, 0),
(1523, 'REYNALDO DE JESUS   REYES FRANCO', 4, 14, 'Nuevo', 2600000, 1523, 3, 2, 2, 2150000, 0),
(1524, 'DUVAN FELIPE BEDOYA PATI?O', 2, 6, 'Nuevo', 450000, 1524, 1, 1, 2, 3450000, 0),
(1525, 'LEIDY JHOANA BEDOYA POSADA', 3, 11, 'Nuevo', 2100000, 1525, 2, 2, 2, 3500000, 0),
(1526, 'LUZ DAIRA SALGADO BAUTISTA', 3, 12, 'Nuevo', 2100000, 1526, 2, 2, 2, 2800000, 0),
(1527, 'MATEO  FLOREZ BARRERA', 3, 13, 'Nuevo', 2100000, 1527, 2, 2, 2, 2200000, 0),
(1528, 'DANIEL  CARDONA CARDONA', 2, 4, 'Nuevo', 700000, 1528, 2, 1, 2, 3450000, 0),
(1529, 'DANIEL ALEJANDRO URREGO MORENO', 2, 4, 'Nuevo', 700000, 1529, 2, 1, 2, 3450000, 0),
(1530, 'BREYNER DE JESUS   JIMENEZ MARTINEZ', 2, 3, 'Nuevo', 745000, 1530, 2, 1, 2, 3150000, 0),
(1531, 'CARLOS ALBERTO BARRERA HURTADO', 2, 4, 'Nuevo', 745000, 1531, 2, 1, 2, 3450000, 0),
(1532, 'ANGELA  BERMUDEZ DE LOPEZ  ', 2, 2, 'Nuevo', 850000, 1532, 2, 1, 2, 3100000, 0),
(1533, 'ANDRY YULIANA GUTIERREZ DIAZ', 2, 2, 'Nuevo', 850000, 1533, 2, 1, 2, 3100000, 0),
(1534, 'KAREN YADIRA BETANCOURT SOGAMOSO', 3, 11, 'Nuevo', 2100000, 1534, 2, 2, 2, 3500000, 0),
(1535, 'DANIEL ANDRES GALVIS ROYERO', 2, 4, 'Nuevo', 700000, 1535, 2, 1, 2, 3450000, 0),
(1536, 'BRAYAN MAURICIO BASTO VERGARA', 2, 3, 'Nuevo', 745000, 1536, 2, 1, 2, 3150000, 0),
(1537, 'ANDRES  GONZALEZ OLIVEROS', 2, 1, 'Nuevo', 850000, 1537, 2, 1, 2, 3500000, 0),
(1538, 'JEBER JESUS GARCIA ARIZA', 2, 8, 'Nuevo', 130000, 1538, 1, 1, 2, 3680000, 0),
(1539, 'JORDAN ANDRES UGARRIZA RINCON', 2, 10, 'Nuevo', 870000, 1539, 2, 1, 2, 3550000, 0),
(1540, 'JHOAN ESTEBAN ARENAS ARROYAVE', 2, 9, 'Nuevo', 130000, 1540, 1, 1, 2, 3900000, 0),
(1541, 'HARBY ORLANDO PALACIOS GRISALES', 2, 7, 'Nuevo', 130000, 1541, 1, 1, 2, 3500000, 0),
(1542, 'RUBIELA DE JESUS   OSPINA HURTADO', 4, 15, 'Nuevo', 2600000, 1542, 3, 2, 2, 4800000, 0),
(1543, 'CRISTIAN CAMILO GALLEGO  PEREZ', 2, 4, 'Nuevo', 700000, 1543, 2, 1, 2, 3450000, 0),
(1544, 'CARLOS EMIRO CASTILLO PINEDA', 2, 4, 'Nuevo', 745000, 1544, 2, 1, 2, 3450000, 0),
(1545, 'JULIO ANDRES ROJAS RAMIREZ', 3, 10, 'Nuevo', 2100000, 1545, 2, 2, 2, 3550000, 0),
(1546, 'ROSA ANGELICA ELLES CANTILLO', 4, 14, 'Nuevo', 2600000, 1546, 3, 2, 2, 2150000, 0),
(1547, 'GERSON ALFREDO GUALTEROS ', 2, 7, 'Nuevo', 130000, 1547, 1, 1, 2, 3500000, 0),
(1548, 'SHIRLEY  USME GONZALEZ', 4, 16, 'Nuevo', 2600000, 1548, 3, 2, 2, 3170000, 0),
(1549, 'YESICA PAOLA MURILLO PALACIO', 4, 18, 'Nuevo', 1200000, 1549, 2, 2, 2, 2650000, 0),
(1550, 'YORDAN JAVIER BUITRAGO MARTINEZ', 4, 19, 'Nuevo', 1200000, 1550, 2, 2, 2, 2450000, 0),
(1551, 'EDUARDO MARIO MENESES CALDERON', 2, 6, 'Nuevo', 450000, 1551, 1, 1, 2, 3450000, 0),
(1552, 'ALEXANDER  DURAN BARRERO', 2, 1, 'Nuevo', 850000, 1552, 2, 1, 2, 3500000, 0),
(1553, 'CRISTIAN  SOLANO LUGO', 2, 4, 'Nuevo', 700000, 1553, 2, 1, 2, 3450000, 0),
(1554, 'HUGO FERNEY PEREZ ', 2, 7, 'Nuevo', 130000, 1554, 1, 1, 2, 3500000, 0),
(1555, 'ANDRES ALBERTO ALVAREZ VARELA', 2, 1, 'Nuevo', 850000, 1555, 2, 1, 2, 3500000, 0),
(1556, 'JHON JAIRO ARANGO MONTOYA', 2, 9, 'Nuevo', 130000, 1556, 1, 1, 2, 3900000, 0),
(1557, 'SEBASTIAN  RUEDA GODOY', 4, 15, 'Nuevo', 2600000, 1557, 3, 2, 2, 4800000, 0),
(1558, 'ANDREINA MARIA LOPEZ QUIROZ', 2, 1, 'Nuevo', 850000, 1558, 2, 1, 2, 3500000, 0),
(1559, 'FRANCISCO ALBERTO USUGA GIRALDO', 2, 7, 'Nuevo', 450000, 1559, 1, 1, 2, 3500000, 0),
(1560, 'LAURA GERALDINE CARDONA ARBOLEDA', 3, 11, 'Nuevo', 2100000, 1560, 2, 2, 2, 3500000, 0),
(1561, 'JAIME ANCIZAR GONZALEZ VARGAS', 2, 8, 'Nuevo', 130000, 1561, 1, 1, 2, 3680000, 0),
(1562, 'JAILER WYIBER CARDOZO GAITAN', 2, 8, 'Nuevo', 130000, 1562, 1, 1, 2, 3680000, 0),
(1563, 'HECTOR  MOSQUERA GRACIANO', 2, 7, 'Nuevo', 130000, 1563, 1, 1, 2, 3500000, 0),
(1564, 'MIGUEL ANDRES LOPEZ VARGAS', 3, 13, 'Nuevo', 2600000, 1564, 3, 2, 2, 2200000, 0),
(1565, 'JOSE DAVID CANIZALES VASQUEZ', 2, 10, 'Nuevo', 870000, 1565, 2, 1, 2, 3550000, 0),
(1566, 'KATHERIN DAHIANA GUTIERREZ VASCO', 3, 11, 'Nuevo', 2100000, 1566, 2, 2, 2, 3500000, 0),
(1567, 'SANTIAGO  ALVAREZ VILLADA', 4, 15, 'Nuevo', 2600000, 1567, 3, 2, 2, 4800000, 0),
(1568, 'JUAN CARLOS TORRES OLARTE', 2, 10, 'Nuevo', 2100000, 1568, 2, 1, 2, 3550000, 0),
(1569, 'LUISA FERNANDA TEJADA PEREZ', 3, 12, 'Nuevo', 2100000, 1569, 2, 2, 2, 2800000, 0),
(1570, 'JEFERSON ANDRES SANTOS VILLA', 2, 8, 'Nuevo', 130000, 1570, 1, 1, 2, 3680000, 0),
(1571, 'ESNEIDER  PULIDO ARISTIZABAL', 2, 6, 'Nuevo', 450000, 1571, 1, 1, 2, 3450000, 0),
(1572, 'ANGEL APARICIO MARTINEZ ROJAS', 2, 2, 'Nuevo', 850000, 1572, 2, 1, 2, 3100000, 0),
(1573, 'ANGELA ROCIO LOZANO GARCIA', 2, 2, 'Nuevo', 850000, 1573, 2, 1, 2, 3100000, 0),
(1574, 'BARLAN ISA TELLEZ ACEVEDO', 2, 3, 'Nuevo', 745000, 1574, 2, 1, 2, 3150000, 0),
(1575, 'VIVIANA ANDREA COLLAZOS VALENCIA', 4, 16, 'Nuevo', 1200000, 1575, 2, 2, 2, 3170000, 0),
(1576, 'FRANDER DWVAN VARGAS MONTA?A', 2, 7, 'Nuevo', 450000, 1576, 1, 1, 2, 3500000, 0),
(1577, 'HUGO ANDRES ALVAREZ ALBANEZ', 2, 7, 'Nuevo', 130000, 1577, 1, 1, 2, 3500000, 0),
(1578, 'JUAN DAVID AMAYA GIRALDO', 2, 10, 'Nuevo', 2100000, 1578, 2, 1, 2, 3550000, 0),
(1579, 'MARIA ISABEL ARENAS MENDOZA', 3, 12, 'Nuevo', 2100000, 1579, 2, 2, 2, 2800000, 0),
(1580, 'JOSE LUIS JIMENEZ AICARDI', 2, 10, 'Nuevo', 870000, 1580, 2, 1, 2, 3550000, 0),
(1581, 'FRANCISCO ARMANDO PISCO TORRES', 2, 7, 'Nuevo', 450000, 1581, 1, 1, 2, 3500000, 0),
(1582, 'BRYAN STIVEN MOLINA  ', 2, 3, 'Nuevo', 745000, 1582, 2, 1, 2, 3150000, 0),
(1583, 'NATALIA MARIA BLANCO CHARRASQUIEL', 3, 13, 'Nuevo', 2600000, 1583, 3, 2, 2, 2200000, 0),
(1584, 'CRISTIAN CAMILO RODRIGUEZ SOTO', 2, 4, 'Nuevo', 700000, 1584, 2, 1, 2, 3450000, 0),
(1585, 'MARIA DEL CARMEN   PEREIRA CONTRERAS', 3, 12, 'Nuevo', 2100000, 1585, 2, 2, 2, 2800000, 0),
(1586, 'JONATAN FABIAN BARBOZA ORTIZ', 2, 10, 'Nuevo', 130000, 1586, 1, 1, 2, 3550000, 0),
(1587, 'ANDRES FELIPE LONDO?O PAVAS', 2, 2, 'Nuevo', 850000, 1587, 2, 1, 2, 3100000, 0),
(1588, 'LEICY  MU?OZ TORO', 3, 11, 'Nuevo', 2100000, 1588, 2, 2, 2, 3500000, 0),
(1589, 'JUAN DAVID GARCIA DAVILA', 3, 10, 'Nuevo', 2100000, 1589, 2, 2, 2, 3550000, 0),
(1590, 'JOSE DAVID AYALA GONZALEZ', 2, 10, 'Nuevo', 870000, 1590, 2, 1, 2, 3550000, 0),
(1591, 'NEIVER LUIS RAMOS MARTINEZ', 3, 13, 'Nuevo', 2600000, 1591, 3, 2, 2, 2200000, 0),
(1592, 'WILINTON  BLANDON VILLADA', 4, 17, 'Nuevo', 1200000, 1592, 2, 2, 2, 2780000, 0),
(1593, 'CRISTIAN CAMILO HIGUITA LOPEZ', 2, 4, 'Nuevo', 700000, 1593, 2, 1, 2, 3450000, 0),
(1594, 'JHON CARLOS DIAZ VILORIA', 2, 9, 'Nuevo', 130000, 1594, 1, 1, 2, 3900000, 0),
(1595, 'KAREN MARGARITA ROMERO MERCADO', 3, 10, 'Nuevo', 2100000, 1595, 2, 2, 2, 3550000, 0),
(1596, 'YURY ALEJANDRA YEPEZ BETANCOURT', 4, 19, 'Nuevo', 1200000, 1596, 2, 2, 2, 2450000, 0),
(1597, 'CAROLINA  GOMEZ CARDONA', 2, 4, 'Nuevo', 700000, 1597, 2, 1, 2, 3450000, 0),
(1598, 'INGRID ANGELLY ORTIZ ROJAS', 2, 7, 'Nuevo', 130000, 1598, 1, 1, 2, 3500000, 0),
(1599, 'JHON ARLEY ZAPATA ORREGO', 2, 9, 'Nuevo', 130000, 1599, 1, 1, 2, 3900000, 0),
(1600, 'LUIS ALBEIRO GAVIRIA CAMPUZANO', 3, 12, 'Nuevo', 2100000, 1600, 2, 2, 2, 2800000, 0),
(1601, 'FREDY ALEXANDER RODRIGUEZ CIFUENTES', 2, 7, 'Nuevo', 450000, 1601, 1, 1, 2, 3500000, 0),
(1602, 'JUAN CAMILO AHUMADA AHUMADA', 2, 10, 'Nuevo', 870000, 1602, 2, 1, 2, 3550000, 0),
(1603, 'JHON FREDDY MARIN SANCHEZ', 2, 9, 'Nuevo', 130000, 1603, 1, 1, 2, 3900000, 0),
(1604, 'DANNYS MARCELA HERNANDEZ LOPERA', 2, 5, 'Nuevo', 450000, 1604, 1, 1, 2, 2800000, 0),
(1605, 'KEVIN DANIEL GUERRA GOMEZ', 3, 11, 'Nuevo', 2100000, 1605, 2, 2, 2, 3500000, 0),
(1606, 'DIEGO ALEJANDRO AGUIRRE SUAREZ', 2, 5, 'Nuevo', 450000, 1606, 1, 1, 2, 2800000, 0),
(1607, 'EDISON  ARANGO CHAVARRIA', 2, 6, 'Nuevo', 450000, 1607, 1, 1, 2, 3450000, 0),
(1608, 'RONAL CAMILO PARRA ROMERO', 4, 14, 'Nuevo', 2600000, 1608, 3, 2, 2, 2150000, 0),
(1609, 'VICTOR IVAN JAIMES RAMIREZ', 4, 16, 'Nuevo', 1200000, 1609, 2, 2, 2, 3170000, 0),
(1610, 'RUBEN DARIO PEREZ NISPERUZA', 4, 15, 'Nuevo', 2600000, 1610, 3, 2, 2, 4800000, 0),
(1611, 'JHONATAN ENRIQUE LEYTON CAMACHO', 2, 9, 'Nuevo', 130000, 1611, 1, 1, 2, 3900000, 0),
(1612, 'CRISTIAN ANDRES LURDUY ', 2, 4, 'Nuevo', 700000, 1612, 2, 1, 2, 3450000, 0),
(1613, 'JEFERSON ANDRES SEPULVEDA URIBE', 2, 8, 'Nuevo', 130000, 1613, 1, 1, 2, 3680000, 0),
(1614, 'DEIVI ALEXANDER SANCHEZ SANCHEZ', 2, 5, 'Nuevo', 450000, 1614, 1, 1, 2, 2800000, 0),
(1615, 'JUAN CAMILO ESPINOSA GALLEGO', 2, 10, 'Nuevo', 870000, 1615, 2, 1, 2, 3550000, 0),
(1616, 'KATHERINE  UMA?A RUEDA', 3, 11, 'Nuevo', 2100000, 1616, 2, 2, 2, 3500000, 0),
(1617, 'ESTEBAN  RUIZ COLORADO', 2, 7, 'Nuevo', 450000, 1617, 1, 1, 2, 3500000, 0),
(1618, 'RUBY MARBELY ESCAMILLA BERNAL', 4, 15, 'Nuevo', 2600000, 1618, 3, 2, 2, 4800000, 0),
(1619, 'JEFFERSON DAVID ZAPATA CATA?O', 2, 8, 'Nuevo', 130000, 1619, 1, 1, 2, 3680000, 0),
(1620, 'HECTOR ANDRES ESPINAL CARDE?O', 2, 7, 'Nuevo', 130000, 1620, 1, 1, 2, 3500000, 0),
(1621, 'JOHANI ARLEY CARMONA ARANGO', 2, 10, 'Nuevo', 130000, 1621, 1, 1, 2, 3550000, 0),
(1622, 'YENNIFER JULIETH HERNANDEZ CORDOBA', 4, 18, 'Nuevo', 1200000, 1622, 2, 2, 2, 2650000, 0),
(1623, 'OSWALDO DAVID HOYOS ARRIETA', 4, 14, 'Nuevo', 2600000, 1623, 3, 2, 2, 2150000, 0),
(1624, 'JHON ANDERSON BOLIVAR TABORDA', 2, 9, 'Nuevo', 130000, 1624, 1, 1, 2, 3900000, 0),
(1625, 'ADALMIS YUCETH CANTILLO MARTINEZ', 2, 1, 'Nuevo', 850000, 1625, 2, 1, 2, 3500000, 0),
(1626, 'NORBEY ANDRES CARDONA  SALAZAR', 3, 14, 'Nuevo', 2600000, 1626, 3, 2, 2, 2150000, 0),
(1627, 'YEHIMER ALEJANDRO ORTIZ VILLA', 4, 18, 'Nuevo', 1200000, 1627, 2, 2, 2, 2650000, 0),
(1628, 'CARLOS ANDRES OROZCO SALAZAR', 2, 4, 'Nuevo', 745000, 1628, 2, 1, 2, 3450000, 0),
(1629, 'HAIDDER YESSID FERREIRA GONZALEZ', 2, 7, 'Nuevo', 130000, 1629, 1, 1, 2, 3500000, 0),
(1630, 'SANDRO  JURADO POSADA', 4, 15, 'Nuevo', 2600000, 1630, 3, 2, 2, 4800000, 0),
(1631, 'FABIAN ESTEBAN MONTOYA ARROYAVE', 2, 7, 'Nuevo', 450000, 1631, 1, 1, 2, 3500000, 0),
(1632, 'HAROLD BRAHAN UTRIA LOAIZA', 2, 7, 'Nuevo', 130000, 1632, 1, 1, 2, 3500000, 0),
(1633, 'LUCERO ESTRELLITAS ARBOLEDA RIAZA', 3, 11, 'Nuevo', 2100000, 1633, 2, 2, 2, 3500000, 0),
(1634, 'MANUELA  MORALES USMA', 3, 12, 'Nuevo', 2100000, 1634, 2, 2, 2, 2800000, 0),
(1635, 'DIANA MELISSA MONTANO HERNANDEZ', 2, 5, 'Nuevo', 450000, 1635, 1, 1, 2, 2800000, 0),
(1636, 'ANDRES FELIPE ARCINIEGAS VELASCO', 2, 2, 'Nuevo', 850000, 1636, 2, 1, 2, 3100000, 0),
(1637, 'KEVIN ANDRES SALAS PEREIRA', 3, 11, 'Nuevo', 2100000, 1637, 2, 2, 2, 3500000, 0),
(1638, 'JHON FREDY TORRES RAMIREZ', 2, 9, 'Nuevo', 130000, 1638, 1, 1, 2, 3900000, 0),
(1639, 'OMAR  TAMAYO GOMEZ', 3, 14, 'Nuevo', 2600000, 1639, 3, 2, 2, 2150000, 0),
(1640, 'SERGIO IVAN SILVA SANGUINO', 4, 15, 'Nuevo', 2600000, 1640, 3, 2, 2, 4800000, 0),
(1641, 'YHONATAN ESTIBEN URREGO SALAZAR', 4, 18, 'Nuevo', 1200000, 1641, 2, 2, 2, 2650000, 0),
(1642, 'LISBELY KARIN VELASQUEZ MARTINEZ', 3, 11, 'Nuevo', 2100000, 1642, 2, 2, 2, 3500000, 0),
(1643, 'BENJAMIN CAMILO MANCERA PORTILLA', 2, 3, 'Nuevo', 745000, 1643, 2, 1, 2, 3150000, 0),
(1644, 'OSCAR EDUARDO LI?AN QUINTANA', 3, 14, 'Nuevo', 2600000, 1644, 3, 2, 2, 2150000, 0),
(1645, 'YULY PAOLA VILLANUEVA LOPEZ', 4, 19, 'Nuevo', 1200000, 1645, 2, 2, 2, 2450000, 0),
(1646, 'ESTEFANIA  GALVIS ALARCON', 2, 7, 'Nuevo', 450000, 1646, 1, 1, 2, 3500000, 0),
(1647, 'ESTEBAN  CONTRERAS TOVAR', 2, 7, 'Nuevo', 450000, 1647, 1, 1, 2, 3500000, 0),
(1648, 'LYDA MARCELA COLMENARES RODRIGUEZ', 3, 12, 'Nuevo', 2100000, 1648, 2, 2, 2, 2800000, 0),
(1649, 'USUARIO PRUEBA HIDROTERAPIA ', 4, 16, 'Nuevo', 1200000, 1649, 2, 2, 2, 3170000, 0),
(1650, 'HELEN ELIANA HOLGUIN GONAZALEZ', 2, 7, 'Nuevo', 130000, 1650, 1, 1, 2, 3500000, 0),
(1651, 'CRISTIAN DE JESUS   CARDONA ARCILA', 2, 4, 'Nuevo', 700000, 1651, 2, 1, 2, 3450000, 0),
(1652, 'JHON ESTEBAN GARCIA GUTIERREZ', 2, 9, 'Nuevo', 130000, 1652, 1, 1, 2, 3900000, 0),
(1653, 'YURI ALEJANDRA ACOSTA VILLA', 4, 19, 'Nuevo', 1200000, 1653, 2, 2, 2, 2450000, 0),
(1654, 'DAVID ESTEBAN GRANADA SERNA', 2, 5, 'Nuevo', 450000, 1654, 1, 1, 2, 2800000, 0),
(1655, 'BRAYAN ALEXIS VARGAS MONTOYA', 2, 3, 'Nuevo', 745000, 1655, 2, 1, 2, 3150000, 0),
(1656, 'OSCAR LUIS AMADOR TORDECILLA', 3, 14, 'Nuevo', 2600000, 1656, 3, 2, 2, 2150000, 0),
(1657, 'DANIEL  ALZATE GIRALDO', 2, 4, 'Nuevo', 700000, 1657, 2, 1, 2, 3450000, 0),
(1658, 'ROSMAD YAMID LOPEZ DIAZ', 4, 15, 'Nuevo', 2600000, 1658, 3, 2, 2, 4800000, 0),
(1659, 'ANDRES  JARAMILLO HURTADO', 2, 1, 'Nuevo', 850000, 1659, 2, 1, 2, 3500000, 0),
(1660, 'OSCAR MAURICIO MORA FORERO', 3, 14, 'Nuevo', 2600000, 1660, 3, 2, 2, 2150000, 0),
(1661, 'LEIDY JOHANA ACEVEDO SILVA', 3, 11, 'Nuevo', 2100000, 1661, 2, 2, 2, 3500000, 0),
(1662, 'PEDRO EMILIO PALACIO RAMIREZ', 4, 14, 'Nuevo', 2600000, 1662, 3, 2, 2, 2150000, 0),
(1663, 'LEIDYS ANDREA OTERO MORALES', 3, 11, 'Nuevo', 2100000, 1663, 2, 2, 2, 3500000, 0),
(1664, 'PABLO ANTONIO CHACON CARRILLO', 4, 14, 'Nuevo', 2600000, 1664, 3, 2, 2, 2150000, 0),
(1665, 'LEIDI YOHANA MOLINA CASTRO', 3, 11, 'Nuevo', 2100000, 1665, 2, 2, 2, 3500000, 0),
(1666, 'JHON SEBASTIAN ROJAS AMOROCHO', 2, 9, 'Nuevo', 130000, 1666, 1, 1, 2, 3900000, 0),
(1667, 'ANDRES FELIPE POSADA ESPINOSA', 2, 2, 'Nuevo', 850000, 1667, 2, 1, 2, 3100000, 0),
(1668, 'DIEGO FERNANDO MARTINEZ CALLEJAS', 2, 5, 'Nuevo', 450000, 1668, 1, 1, 2, 2800000, 0),
(1669, 'MAURO ANDRES MERCADO ALVAREZ', 3, 13, 'Nuevo', 2100000, 1669, 2, 2, 2, 2200000, 0),
(1670, 'ESTEFANIA  CENTENO GAVIRIA', 2, 7, 'Nuevo', 450000, 1670, 1, 1, 2, 3500000, 0),
(1671, 'DARLY YINETH INFANTE JIMENEZ', 2, 5, 'Nuevo', 450000, 1671, 1, 1, 2, 2800000, 0),
(1672, 'CARLOS ANDRES RUIZ ZAPATA', 2, 4, 'Nuevo', 745000, 1672, 2, 1, 2, 3450000, 0),
(1673, 'ANGELA MARIA CASTA?O GRAJALES', 2, 2, 'Nuevo', 850000, 1673, 2, 1, 2, 3100000, 0),
(1674, 'FABIO ANDRES BURGOS BURGOS', 2, 7, 'Nuevo', 450000, 1674, 1, 1, 2, 3500000, 3);

-- --------------------------------------------------------

--
-- Estructura de tabla para la tabla `nivel_programa`
--

CREATE TABLE `nivel_programa` (
  `Id_Nivel` int(50) NOT NULL,
  `Nombre` varchar(50) NOT NULL
) ENGINE=InnoDB DEFAULT CHARSET=ucs2;

--
-- Volcado de datos para la tabla `nivel_programa`
--

INSERT INTO `nivel_programa` (`Id_Nivel`, `Nombre`) VALUES
(1, 'Pregrado'),
(2, 'Posgrado');

-- --------------------------------------------------------

--
-- Estructura de tabla para la tabla `pagos`
--

CREATE TABLE `pagos` (
  `Id_Pagos` int(50) NOT NULL,
  `Tipo_Pago` int(100) NOT NULL,
  `Fecha_Pago` datetime NOT NULL
) ENGINE=InnoDB DEFAULT CHARSET=ucs2;

--
-- Volcado de datos para la tabla `pagos`
--

INSERT INTO `pagos` (`Id_Pagos`, `Tipo_Pago`, `Fecha_Pago`) VALUES
(1, 1, '2019-11-04 00:00:00'),
(2, 2, '2019-11-19 00:00:00');

-- --------------------------------------------------------

--
-- Estructura de tabla para la tabla `sedes`
--

CREATE TABLE `sedes` (
  `Id_Sede` int(50) NOT NULL,
  `Nombre_Sede` varchar(100) NOT NULL
) ENGINE=InnoDB DEFAULT CHARSET=ucs2;

--
-- Volcado de datos para la tabla `sedes`
--

INSERT INTO `sedes` (`Id_Sede`, `Nombre_Sede`) VALUES
(1, 'Uniminuto Sede 90\r\n'),
(2, 'Uniminuto Sede Principal'),
(3, 'Uniminuto Soacha');

-- --------------------------------------------------------

--
-- Estructura de tabla para la tabla `tipo_pago`
--

CREATE TABLE `tipo_pago` (
  `Id_TipoPago` int(50) NOT NULL,
  `Nombre_Pago` varchar(50) NOT NULL
) ENGINE=InnoDB DEFAULT CHARSET=ucs2;

--
-- Volcado de datos para la tabla `tipo_pago`
--

INSERT INTO `tipo_pago` (`Id_TipoPago`, `Nombre_Pago`) VALUES
(1, 'Crédito'),
(2, 'Efectivo');

--
-- Índices para tablas volcadas
--

--
-- Indices de la tabla `carrera`
--
ALTER TABLE `carrera`
  ADD PRIMARY KEY (`Id_Carrera`);

--
-- Indices de la tabla `deudores`
--
ALTER TABLE `deudores`
  ADD PRIMARY KEY (`Id_Deudores`);

--
-- Indices de la tabla `entidades_cred`
--
ALTER TABLE `entidades_cred`
  ADD PRIMARY KEY (`id_entidad`);

--
-- Indices de la tabla `estudiantes`
--
ALTER TABLE `estudiantes`
  ADD PRIMARY KEY (`Id_Estudiante`),
  ADD KEY `Id_Deudores` (`Id_Deudor`),
  ADD KEY `id_entidad` (`id_entidad`);

--
-- Indices de la tabla `nivel_programa`
--
ALTER TABLE `nivel_programa`
  ADD PRIMARY KEY (`Id_Nivel`);

--
-- Indices de la tabla `pagos`
--
ALTER TABLE `pagos`
  ADD PRIMARY KEY (`Id_Pagos`);

--
-- Indices de la tabla `sedes`
--
ALTER TABLE `sedes`
  ADD PRIMARY KEY (`Id_Sede`);

--
-- Indices de la tabla `tipo_pago`
--
ALTER TABLE `tipo_pago`
  ADD PRIMARY KEY (`Id_TipoPago`);

--
-- AUTO_INCREMENT de las tablas volcadas
--

--
-- AUTO_INCREMENT de la tabla `carrera`
--
ALTER TABLE `carrera`
  MODIFY `Id_Carrera` int(20) NOT NULL AUTO_INCREMENT, AUTO_INCREMENT=20;

--
-- AUTO_INCREMENT de la tabla `nivel_programa`
--
ALTER TABLE `nivel_programa`
  MODIFY `Id_Nivel` int(50) NOT NULL AUTO_INCREMENT, AUTO_INCREMENT=3;

--
-- AUTO_INCREMENT de la tabla `pagos`
--
ALTER TABLE `pagos`
  MODIFY `Id_Pagos` int(50) NOT NULL AUTO_INCREMENT, AUTO_INCREMENT=3;

--
-- AUTO_INCREMENT de la tabla `sedes`
--
ALTER TABLE `sedes`
  MODIFY `Id_Sede` int(50) NOT NULL AUTO_INCREMENT, AUTO_INCREMENT=4;

--
-- AUTO_INCREMENT de la tabla `tipo_pago`
--
ALTER TABLE `tipo_pago`
  MODIFY `Id_TipoPago` int(50) NOT NULL AUTO_INCREMENT, AUTO_INCREMENT=3;
COMMIT;

/*!40101 SET CHARACTER_SET_CLIENT=@OLD_CHARACTER_SET_CLIENT */;
/*!40101 SET CHARACTER_SET_RESULTS=@OLD_CHARACTER_SET_RESULTS */;
/*!40101 SET COLLATION_CONNECTION=@OLD_COLLATION_CONNECTION */;
